﻿<?xml version="1.0" encoding="utf-8"?>
<StructureDefinition xmlns="http://hl7.org/fhir">
  <id value="mdi-condition" />
  <meta>
    <lastUpdated value="2016-03-30T14:12:01.996+02:00" />
  </meta>
  <extension url="http://hl7.org/fhir/StructureDefinition/structuredefinition-fmm">
    <valueInteger value="0" />
  </extension>
  <url value="http://sll-mdilab.net/fhir/StructureDefinition/mdi-condition" />
  <name value="MDI Condition Profile" />
  <display value="MDI-Condition" />
  <status value="draft" />
  <publisher value="SLL Medical Device Integration Lab" />
  <date value="2016-03-30T00:00:00+02:00" />
  <fhirVersion value="1.0.1" />
  <mapping>
    <identity value="v2" />
    <uri value="http://hl7.org/v2" />
    <name value="HL7 v2" />
  </mapping>
  <mapping>
    <identity value="rim" />
    <uri value="http://hl7.org/v3" />
    <name value="RIM" />
  </mapping>
  <mapping>
    <identity value="w5" />
    <uri value="http://hl7.org/fhir/w5" />
    <name value="W5 Mapping" />
  </mapping>
  <kind value="resource" />
  <constrainedType value="Condition" />
  <abstract value="false" />
  <base value="http://hl7.org/fhir/StructureDefinition/Condition" />
  <differential>
    <element>
      <path value="Condition" />
      <short value="Detailed information about conditions, problems or diagnoses" />
      <definition value="Use to record detailed information about conditions, problems or diagnoses recognized by a clinician. There are many uses including: recording a diagnosis during an encounter; populating a problem list or a summary statement, such as a discharge summary." />
      <min value="0" />
      <max value="*" />
      <base>
        <path value="Condition" />
        <min value="0" />
        <max value="*" />
      </base>
      <type>
        <code value="Condition" />
      </type>
      <isSummary value="true" />
      <mapping>
        <identity value="v2" />
        <map value="PPR message" />
      </mapping>
      <mapping>
        <identity value="rim" />
        <map value="Observation[classCode=OBS, moodCode=EVN, code=ASSERTION, value&lt;Diagnosis]" />
      </mapping>
      <mapping>
        <identity value="w5" />
        <map value="clinical.general" />
      </mapping>
    </element>
    <element>
      <path value="Condition.identifier" />
      <short value="External Ids for this condition" />
      <definition value="This records identifiers associated with this condition that are defined by business processes and/or used to refer to it when a direct URL reference to the resource itself is not appropriate (e.g. in CDA documents, or in written / printed documentation)." />
      <requirements value="Need to allow connection to a wider workflow." />
      <min value="1" />
      <max value="1" />
      <base>
        <path value="Condition.identifier" />
        <min value="0" />
        <max value="*" />
      </base>
      <type>
        <code value="Identifier" />
      </type>
      <isSummary value="true" />
      <mapping>
        <identity value="rim" />
        <map value=".id" />
      </mapping>
      <mapping>
        <identity value="w5" />
        <map value="id" />
      </mapping>
    </element>
    <element>
      <path value="Condition.identifier.use" />
      <short value="usual | official | temp | secondary (If known)" />
      <definition value="The purpose of this identifier." />
      <comments value="This is labeled as &quot;Is Modifier&quot; because applications should not mistake a temporary id for a permanent one. Applications can assume that an identifier is permanent unless it explicitly says that it is temporary." />
      <requirements value="Allows the appropriate identifier for a particular context of use to be selected from among a set of identifiers." />
      <min value="0" />
      <max value="0" />
      <base>
        <path value="Identifier.use" />
        <min value="0" />
        <max value="1" />
      </base>
      <type>
        <code value="code" />
      </type>
      <isModifier value="true" />
      <isSummary value="true" />
      <binding>
        <strength value="required" />
        <description value="Identifies the purpose for this identifier, if known ." />
        <valueSetReference>
          <reference value="http://hl7.org/fhir/ValueSet/identifier-use" />
        </valueSetReference>
      </binding>
      <mapping>
        <identity value="v2" />
        <map value="N/A" />
      </mapping>
      <mapping>
        <identity value="rim" />
        <map value="Role.code or implied by context" />
      </mapping>
    </element>
    <element>
      <path value="Condition.identifier.type" />
      <short value="Description of identifier" />
      <definition value="A coded type for the identifier that can be used to determine which identifier to use for a specific purpose." />
      <comments value="This element deals only with general categories of identifiers.  It SHOULD not be used for codes that correspond 1..1 with the Identifier.system. Some identifiers may fall into multiple categories due to common usage.   Where the system is known, a type is unnecessary because the type is always part of the system definition. However systems often need to handle identifiers where the system is not known. There is not a 1:1 relationship between type and system, since many different systems have the same type." />
      <requirements value="Allows users to make use of identifiers when the identifier system is not known." />
      <min value="0" />
      <max value="0" />
      <base>
        <path value="Identifier.type" />
        <min value="0" />
        <max value="1" />
      </base>
      <type>
        <code value="CodeableConcept" />
      </type>
      <isSummary value="true" />
      <binding>
        <strength value="extensible" />
        <description value="A coded type for an identifier that can be used to determine which identifier to use for a specific purpose." />
        <valueSetReference>
          <reference value="http://hl7.org/fhir/ValueSet/identifier-type" />
        </valueSetReference>
      </binding>
      <mapping>
        <identity value="v2" />
        <map value="CX.5" />
      </mapping>
      <mapping>
        <identity value="rim" />
        <map value="Role.code or implied by context" />
      </mapping>
    </element>
    <element>
      <path value="Condition.identifier.system" />
      <short value="The namespace for the identifier" />
      <definition value="Establishes the namespace in which set of possible id values is unique." />
      <requirements value="There are many sequences of identifiers.  To perform matching, we need to know what sequence we're dealing with. The system identifies a particular sequence or set of unique identifiers." />
      <min value="0" />
      <max value="0" />
      <base>
        <path value="Identifier.system" />
        <min value="0" />
        <max value="1" />
      </base>
      <type>
        <code value="uri" />
      </type>
      <exampleUri value="http://www.acme.com/identifiers/patient or urn:ietf:rfc:3986 if the Identifier.value itself is a full uri" />
      <isSummary value="true" />
      <mapping>
        <identity value="v2" />
        <map value="CX.4 / EI-2-4" />
      </mapping>
      <mapping>
        <identity value="rim" />
        <map value="II.root or Role.id.root" />
      </mapping>
      <mapping>
        <identity value="servd" />
        <map value="./IdentifierType" />
      </mapping>
    </element>
    <element>
      <path value="Condition.identifier.value" />
      <short value="The value that is unique" />
      <definition value="The portion of the identifier typically displayed to the user and which is unique within the context of the system." />
      <comments value="If the value is a full URI, then the system SHALL be urn:ietf:rfc:3986." />
      <min value="1" />
      <max value="1" />
      <base>
        <path value="Identifier.value" />
        <min value="0" />
        <max value="1" />
      </base>
      <type>
        <code value="string" />
      </type>
      <exampleString value="123456" />
      <isSummary value="true" />
      <mapping>
        <identity value="v2" />
        <map value="CX.1 / EI.1" />
      </mapping>
      <mapping>
        <identity value="rim" />
        <map value="II.extension or II.root if system indicates OID or GUID (Or Role.id.extension or root)" />
      </mapping>
      <mapping>
        <identity value="servd" />
        <map value="./Value" />
      </mapping>
    </element>
    <element>
      <path value="Condition.identifier.period" />
      <short value="Time period when id is/was valid for use" />
      <definition value="Time period during which identifier is/was valid for use." />
      <min value="0" />
      <max value="0" />
      <base>
        <path value="Identifier.period" />
        <min value="0" />
        <max value="1" />
      </base>
      <type>
        <code value="Period" />
      </type>
      <isSummary value="true" />
      <mapping>
        <identity value="v2" />
        <map value="CX.7 + CX.8" />
      </mapping>
      <mapping>
        <identity value="rim" />
        <map value="Role.effectiveTime or implied by context" />
      </mapping>
      <mapping>
        <identity value="servd" />
        <map value="./StartDate and ./EndDate" />
      </mapping>
    </element>
    <element>
      <path value="Condition.identifier.assigner" />
      <short value="Organization that issued id (may be just text)" />
      <definition value="Organization that issued/manages the identifier." />
      <comments value="The reference may be just a text description of the assigner." />
      <min value="0" />
      <max value="0" />
      <base>
        <path value="Identifier.assigner" />
        <min value="0" />
        <max value="1" />
      </base>
      <type>
        <code value="Reference" />
        <profile value="http://hl7.org/fhir/StructureDefinition/Organization" />
      </type>
      <isSummary value="true" />
      <mapping>
        <identity value="v2" />
        <map value="CX.4 / (CX.4,CX.9,CX.10)" />
      </mapping>
      <mapping>
        <identity value="rim" />
        <map value="II.assigningAuthorityName but note that this is an improper use by the definition of the field.  Also Role.scoper" />
      </mapping>
      <mapping>
        <identity value="servd" />
        <map value="./IdentifierIssuingAuthority" />
      </mapping>
    </element>
    <element>
      <path value="Condition.encounter" />
      <short value="Encounter when condition first asserted" />
      <definition value="Encounter during which the condition was first asserted." />
      <comments value="This record indicates the encounter this particular record is associated with.  In the case of a &quot;new&quot; diagnosis reflecting ongoing/revised information about the condition, this might be distinct from the first encounter in which the underlying condition was first &quot;known&quot;." />
      <min value="0" />
      <max value="0" />
      <base>
        <path value="Condition.encounter" />
        <min value="0" />
        <max value="1" />
      </base>
      <type>
        <code value="Reference" />
        <profile value="http://hl7.org/fhir/StructureDefinition/Encounter" />
      </type>
      <isSummary value="true" />
      <mapping>
        <identity value="v2" />
        <map value="PV1-19 (+PV1-54)" />
      </mapping>
      <mapping>
        <identity value="rim" />
        <map value=".inboundRelationship[typeCode=COMP].source[classCode=ENC, moodCode=EVN]" />
      </mapping>
      <mapping>
        <identity value="w5" />
        <map value="context" />
      </mapping>
    </element>
    <element>
      <path value="Condition.asserter" />
      <short value="Person who asserts this condition" />
      <definition value="Individual who is making the condition statement." />
      <min value="0" />
      <max value="0" />
      <base>
        <path value="Condition.asserter" />
        <min value="0" />
        <max value="1" />
      </base>
      <type>
        <code value="Reference" />
        <profile value="http://hl7.org/fhir/StructureDefinition/Practitioner" />
      </type>
      <type>
        <code value="Reference" />
        <profile value="http://hl7.org/fhir/StructureDefinition/Patient" />
      </type>
      <isSummary value="true" />
      <mapping>
        <identity value="v2" />
        <map value="REL-7.1 identifier + REL-7.12 type code" />
      </mapping>
      <mapping>
        <identity value="rim" />
        <map value=".participation[typeCode=AUT].role" />
      </mapping>
      <mapping>
        <identity value="w5" />
        <map value="who.author" />
      </mapping>
    </element>
    <element>
      <path value="Condition.dateRecorded" />
      <short value="When first entered" />
      <definition value="A date, when  the Condition statement was documented." />
      <comments value="The Date Recorded represents the date when this particular Condition record was created in the EHR, not the date of the most recent update in terms of when severity, abatement, etc. were specified.  The date of the last record modification can be retrieved from the resource metadata." />
      <min value="0" />
      <max value="0" />
      <base>
        <path value="Condition.dateRecorded" />
        <min value="0" />
        <max value="1" />
      </base>
      <type>
        <code value="date" />
      </type>
      <isSummary value="true" />
      <mapping>
        <identity value="v2" />
        <map value="REL-11" />
      </mapping>
      <mapping>
        <identity value="rim" />
        <map value=".participation[typeCode=AUT].time" />
      </mapping>
      <mapping>
        <identity value="w5" />
        <map value="when.recorded" />
      </mapping>
    </element>
    <element>
      <path value="Condition.code.coding.system" />
      <short value="Identity of the terminology system" />
      <definition value="The identification of the code system that defines the meaning of the symbol in the code." />
      <comments value="The URI may be an OID (urn:oid:...) or a UUID (urn:uuid:...).  OIDs and UUIDs SHALL be references to the HL7 OID registry. Otherwise, the URI should come from HL7's list of FHIR defined special URIs or it should de-reference to some definition that establish the system clearly and unambiguously." />
      <requirements value="Need to be unambiguous about the source of the definition of the symbol." />
      <min value="0" />
      <max value="1" />
      <base>
        <path value="Coding.system" />
        <min value="0" />
        <max value="1" />
      </base>
      <type>
        <code value="uri" />
      </type>
      <fixedUri value="http://hl7.org/fhir/sid/icd-10" />
      <isSummary value="true" />
      <mapping>
        <identity value="v2" />
        <map value="C*E.3" />
      </mapping>
      <mapping>
        <identity value="rim" />
        <map value="./codeSystem" />
      </mapping>
      <mapping>
        <identity value="orim" />
        <map value="fhir:Coding.system rdfs:subPropertyOf dt:CDCoding.codeSystem" />
      </mapping>
    </element>
    <element>
      <path value="Condition.category" />
      <short value="complaint | symptom | finding | diagnosis" />
      <definition value="A category assigned to the condition." />
      <comments value="The categorization is often highly contextual and may appear poorly differentiated or not very useful in other contexts." />
      <min value="0" />
      <max value="0" />
      <base>
        <path value="Condition.category" />
        <min value="0" />
        <max value="1" />
      </base>
      <type>
        <code value="CodeableConcept" />
      </type>
      <isSummary value="true" />
      <binding>
        <strength value="preferred" />
        <description value="A category assigned to the condition." />
        <valueSetReference>
          <reference value="http://hl7.org/fhir/ValueSet/condition-category" />
        </valueSetReference>
      </binding>
      <mapping>
        <identity value="v2" />
        <map value="'problem' if from PRB-3. 'diagnosis' if from DG1 segment in PV1 message" />
      </mapping>
      <mapping>
        <identity value="rim" />
        <map value=".code" />
      </mapping>
      <mapping>
        <identity value="w5" />
        <map value="class" />
      </mapping>
    </element>
    <element>
      <path value="Condition.clinicalStatus" />
      <short value="active | relapse | remission | resolved" />
      <definition value="The clinical status of the condition." />
      <min value="0" />
      <max value="0" />
      <base>
        <path value="Condition.clinicalStatus" />
        <min value="0" />
        <max value="1" />
      </base>
      <type>
        <code value="code" />
      </type>
      <isModifier value="true" />
      <isSummary value="true" />
      <binding>
        <strength value="preferred" />
        <description value="The clinical status of the condition or diagnosis." />
        <valueSetReference>
          <reference value="http://hl7.org/fhir/ValueSet/condition-clinical" />
        </valueSetReference>
      </binding>
      <mapping>
        <identity value="v2" />
        <map value="PRB-14 / DG1-6" />
      </mapping>
      <mapping>
        <identity value="w5" />
        <map value="status" />
      </mapping>
    </element>
    <element>
      <path value="Condition.severity" />
      <short value="Subjective severity of condition" />
      <definition value="A subjective assessment of the severity of the condition as evaluated by the clinician." />
      <comments value="Coding of the severity with a terminology is preferred, where possible." />
      <min value="0" />
      <max value="0" />
      <base>
        <path value="Condition.severity" />
        <min value="0" />
        <max value="1" />
      </base>
      <type>
        <code value="CodeableConcept" />
      </type>
      <isSummary value="true" />
      <binding>
        <strength value="preferred" />
        <description value="A subjective assessment of the severity of the condition as evaluated by the clinician." />
        <valueSetReference>
          <reference value="http://hl7.org/fhir/ValueSet/condition-severity" />
        </valueSetReference>
      </binding>
      <mapping>
        <identity value="v2" />
        <map value="PRB-26 / ABS-3" />
      </mapping>
      <mapping>
        <identity value="rim" />
        <map value="Can be pre/post-coordinated into value.  Or ./inboundRelationship[typeCode=SUBJ].source[classCode=OBS, moodCode=EVN, code=&quot;severity&quot;].value" />
      </mapping>
      <mapping>
        <identity value="w5" />
        <map value="grade" />
      </mapping>
    </element>
    <element>
      <path value="Condition.onset[x]" />
      <short value="Estimated or actual date,  date-time, or age" />
      <definition value="Estimated or actual date or date-time  the condition began, in the opinion of the clinician." />
      <comments value="Age is generally used when the patient reports an age at which the Condition began to occur." />
      <min value="0" />
      <max value="0" />
      <base>
        <path value="Condition.onset[x]" />
        <min value="0" />
        <max value="1" />
      </base>
      <type>
        <code value="dateTime" />
      </type>
      <type>
        <code value="Quantity" />
        <profile value="http://hl7.org/fhir/StructureDefinition/Age" />
      </type>
      <type>
        <code value="Period" />
      </type>
      <type>
        <code value="Range" />
      </type>
      <type>
        <code value="string" />
      </type>
      <isSummary value="true" />
      <mapping>
        <identity value="v2" />
        <map value="PRB-16" />
      </mapping>
      <mapping>
        <identity value="rim" />
        <map value=".effectiveTime.low or .inboundRelationship[typeCode=SUBJ].source[classCode=OBS, moodCode=EVN, code=&quot;age at onset&quot;].value" />
      </mapping>
      <mapping>
        <identity value="w5" />
        <map value="when.init" />
      </mapping>
    </element>
    <element>
      <path value="Condition.abatement[x]" />
      <short value="If/when in resolution/remission" />
      <definition value="The date or estimated date that the condition resolved or went into remission. This is called &quot;abatement&quot; because of the many overloaded connotations associated with &quot;remission&quot; or &quot;resolution&quot; - Conditions are never really resolved, but they can abate." />
      <comments value="There is no explicit distinction between resolution and remission because in many cases the distinction is not clear. Age is generally used when the patient reports an age at which the Condition abated.  If there is no abatement element, it is unknown whether the condition has resolved or entered remission; applications and users should generally assume that the condition is still valid." />
      <min value="0" />
      <max value="0" />
      <base>
        <path value="Condition.abatement[x]" />
        <min value="0" />
        <max value="1" />
      </base>
      <type>
        <code value="dateTime" />
      </type>
      <type>
        <code value="Quantity" />
        <profile value="http://hl7.org/fhir/StructureDefinition/Age" />
      </type>
      <type>
        <code value="boolean" />
      </type>
      <type>
        <code value="Period" />
      </type>
      <type>
        <code value="Range" />
      </type>
      <type>
        <code value="string" />
      </type>
      <isSummary value="true" />
      <mapping>
        <identity value="rim" />
        <map value=".effectiveTime.high or .inboundRelationship[typeCode=SUBJ].source[classCode=OBS, moodCode=EVN, code=&quot;age at remission&quot;].value or .inboundRelationship[typeCode=SUBJ]source[classCode=CONC, moodCode=EVN].status=completed" />
      </mapping>
      <mapping>
        <identity value="w5" />
        <map value="when.done" />
      </mapping>
    </element>
    <element>
      <path value="Condition.stage" />
      <short value="Stage/grade, usually assessed formally" />
      <definition value="Clinical stage or grade of a condition. May include formal severity assessments." />
      <min value="0" />
      <max value="0" />
      <base>
        <path value="Condition.stage" />
        <min value="0" />
        <max value="1" />
      </base>
      <type>
        <code value="BackboneElement" />
      </type>
      <isSummary value="true" />
      <mapping>
        <identity value="rim" />
        <map value="./inboundRelationship[typeCode=SUBJ].source[classCode=OBS, moodCode=EVN, code=&quot;stage/grade&quot;]" />
      </mapping>
    </element>
    <element>
      <path value="Condition.evidence" />
      <short value="Supporting evidence" />
      <definition value="Supporting Evidence / manifestations that are the basis on which this condition is suspected or confirmed." />
      <comments value="The evidence may be a simple list of coded symptoms/manifestations, or references to observations or formal assessments, or both." />
      <min value="0" />
      <max value="0" />
      <base>
        <path value="Condition.evidence" />
        <min value="0" />
        <max value="*" />
      </base>
      <type>
        <code value="BackboneElement" />
      </type>
      <isSummary value="true" />
      <mapping>
        <identity value="rim" />
        <map value=".outboundRelationship[typeCode=SPRT].target[classCode=OBS, moodCode=EVN]" />
      </mapping>
    </element>
    <element>
      <path value="Condition.bodySite" />
      <short value="Anatomical location, if relevant" />
      <definition value="The anatomical location where this condition manifests itself." />
      <comments value="May be a summary code, or a reference to a very precise definition of the location, or both." />
      <min value="0" />
      <max value="0" />
      <base>
        <path value="Condition.bodySite" />
        <min value="0" />
        <max value="*" />
      </base>
      <type>
        <code value="CodeableConcept" />
      </type>
      <isSummary value="true" />
      <binding>
        <strength value="example" />
        <description value="Codes describing anatomical locations. May include laterality." />
        <valueSetReference>
          <reference value="http://hl7.org/fhir/ValueSet/body-site" />
        </valueSetReference>
      </binding>
      <mapping>
        <identity value="rim" />
        <map value=".targetBodySiteCode" />
      </mapping>
    </element>
    <element>
      <path value="Condition.notes" />
      <short value="Additional information about the Condition" />
      <definition value="Additional information about the Condition. This is a general notes/comments entry  for description of the Condition, its diagnosis and prognosis." />
      <min value="0" />
      <max value="0" />
      <base>
        <path value="Condition.notes" />
        <min value="0" />
        <max value="1" />
      </base>
      <type>
        <code value="string" />
      </type>
      <isSummary value="true" />
      <mapping>
        <identity value="v2" />
        <map value="NTE child of PRB" />
      </mapping>
      <mapping>
        <identity value="rim" />
        <map value=".inboundRelationship[typeCode=SUBJ].source[classCode=OBS, moodCode=EVN, code=&quot;annotation&quot;].value" />
      </mapping>
    </element>
  </differential>
</StructureDefinition>