﻿<?xml version="1.0" encoding="utf-8"?>
<StructureDefinition xmlns="http://hl7.org/fhir">
  <meta>
    <lastUpdated value="2016-03-30T16:21:17.239+02:00" />
  </meta>
  <extension url="http://hl7.org/fhir/StructureDefinition/structuredefinition-fmm">
    <valueInteger value="0" />
  </extension>
  <url value="http://sll-mdilab.net/fhir/StructureDefinition/mdi-orderable-device-metric" />
  <name value="MDI OrderableDeviceMetric Profile" />
  <status value="draft" />
  <publisher value="SLL Medical Device Integration Lab" />
  <date value="2016-03-30T00:00:00+02:00" />
  <description value="A device metric which can be used to order monitoring for a patient." />
  <fhirVersion value="1.0.1" />
  <mapping>
    <identity value="w5" />
    <uri value="http://hl7.org/fhir/w5" />
    <name value="W5 Mapping" />
  </mapping>
  <mapping>
    <identity value="rim" />
    <uri value="http://hl7.org/v3" />
    <name value="RIM" />
  </mapping>
  <kind value="resource" />
  <constrainedType value="DeviceMetric" />
  <abstract value="false" />
  <base value="http://hl7.org/fhir/StructureDefinition/DeviceMetric" />
  <differential>
    <element>
      <path value="DeviceMetric" />
      <short value="Measurement, calculation or setting capability of a medical device" />
      <definition value="Describes a measurement, calculation or setting capability of a medical device." />
      <comments value="For the initial scope, this DeviceMetric resource is only applicable to describe a single metric node in the containment tree that is produced by the context scanner in any medical device that implements or derives from the ISO/IEEE 11073 standard." />
      <min value="0" />
      <max value="*" />
      <base>
        <path value="DeviceMetric" />
        <min value="0" />
        <max value="*" />
      </base>
      <type>
        <code value="DeviceMetric" />
      </type>
      <isSummary value="true" />
      <mapping>
        <identity value="w5" />
        <map value="administrative.device" />
      </mapping>
    </element>
    <element>
      <path value="DeviceMetric.extension" />
      <slicing>
        <discriminator value="url" />
        <rules value="openAtEnd" />
      </slicing>
    </element>
    <element>
      <path value="DeviceMetric.extension" />
      <name value="clinicalCategory" />
      <definition value="Optional Extensions Element - found in all resources." />
      <min value="1" />
      <max value="1" />
      <base>
        <path value="DeviceMetric.extension" />
        <min value="1" />
        <max value="1" />
      </base>
      <type>
        <code value="Extension" />
        <profile value="http://sll-mdilab.net/clinical-category" />
      </type>
    </element>
    <element>
      <path value="DeviceMetric.type.coding.system" />
      <short value="Identity of the terminology system" />
      <definition value="The identification of the code system that defines the meaning of the symbol in the code." />
      <comments value="The URI may be an OID (urn:oid:...) or a UUID (urn:uuid:...).  OIDs and UUIDs SHALL be references to the HL7 OID registry. Otherwise, the URI should come from HL7's list of FHIR defined special URIs or it should de-reference to some definition that establish the system clearly and unambiguously." />
      <requirements value="Need to be unambiguous about the source of the definition of the symbol." />
      <min value="0" />
      <max value="1" />
      <base>
        <path value="Coding.system" />
        <min value="0" />
        <max value="1" />
      </base>
      <type>
        <code value="uri" />
      </type>
      <fixedUri value="https://rtmms.nist.gov/rtmms/index.htm#!hrosetta" />
      <isSummary value="true" />
      <mapping>
        <identity value="v2" />
        <map value="C*E.3" />
      </mapping>
      <mapping>
        <identity value="rim" />
        <map value="./codeSystem" />
      </mapping>
      <mapping>
        <identity value="orim" />
        <map value="fhir:Coding.system rdfs:subPropertyOf dt:CDCoding.codeSystem" />
      </mapping>
    </element>
    <element>
      <path value="DeviceMetric.unit" />
      <short value="Unit of metric" />
      <definition value="Describes the unit that an observed value determined for this metric will have. For example: Percent, Seconds, etc." />
      <comments value="DeviceMetric.unit can be referred to either UCUM or preferable RTMMS coding system." />
      <min value="0" />
      <max value="0" />
      <base>
        <path value="DeviceMetric.unit" />
        <min value="0" />
        <max value="1" />
      </base>
      <type>
        <code value="CodeableConcept" />
      </type>
      <isSummary value="true" />
      <binding>
        <strength value="preferred" />
        <description value="Describes the unit of the metric." />
        <valueSetUri value="https://rtmms.nist.gov/rtmms/index.htm#!units" />
      </binding>
    </element>
    <element>
      <path value="DeviceMetric.source" />
      <short value="Describes the link to the source Device" />
      <definition value="Describes the link to the  Device that this DeviceMetric belongs to and that contains administrative device information such as manufacture, serial number, etc." />
      <min value="0" />
      <max value="0" />
      <base>
        <path value="DeviceMetric.source" />
        <min value="0" />
        <max value="1" />
      </base>
      <type>
        <code value="Reference" />
        <profile value="http://hl7.org/fhir/StructureDefinition/Device" />
      </type>
      <isSummary value="true" />
    </element>
    <element>
      <path value="DeviceMetric.parent" />
      <short value="Describes the link to the parent DeviceComponent" />
      <definition value="Describes the link to the  DeviceComponent that this DeviceMetric belongs to and that provide information about the location of this DeviceMetric in the containment structure of the parent Device. An example would be a DeviceComponent that represents a Channel. This reference can be used by a client application to distinguish DeviceMetrics that have the same type, but should be interpreted based on their containment location." />
      <min value="0" />
      <max value="0" />
      <base>
        <path value="DeviceMetric.parent" />
        <min value="0" />
        <max value="1" />
      </base>
      <type>
        <code value="Reference" />
        <profile value="http://hl7.org/fhir/StructureDefinition/DeviceComponent" />
      </type>
      <isSummary value="true" />
    </element>
    <element>
      <path value="DeviceMetric.operationalStatus" />
      <short value="on | off | standby" />
      <definition value="Indicates current operational state of the device. For example: On, Off, Standby, etc." />
      <min value="0" />
      <max value="0" />
      <base>
        <path value="DeviceMetric.operationalStatus" />
        <min value="0" />
        <max value="1" />
      </base>
      <type>
        <code value="code" />
      </type>
      <isSummary value="true" />
      <binding>
        <strength value="required" />
        <description value="Describes the operational status of the DeviceMetric." />
        <valueSetReference>
          <reference value="http://hl7.org/fhir/ValueSet/metric-operational-status" />
        </valueSetReference>
      </binding>
    </element>
    <element>
      <path value="DeviceMetric.color" />
      <short value="black | red | green | yellow | blue | magenta | cyan | white" />
      <definition value="Describes the color representation for the metric. This is often used to aid clinicians to track and identify parameter types by color. In practice, consider a Patient Monitor that has ECG/HR and Pleth for example; the parameters are displayed in different characteristic colors, such as HR-blue, BP-green, and PR and SpO2- magenta." />
      <min value="1" />
      <max value="1" />
      <base>
        <path value="DeviceMetric.color" />
        <min value="0" />
        <max value="1" />
      </base>
      <type>
        <code value="code" />
      </type>
      <isSummary value="true" />
      <binding>
        <strength value="required" />
        <description value="Describes the typical color of representation." />
        <valueSetReference>
          <reference value="http://hl7.org/fhir/ValueSet/metric-color" />
        </valueSetReference>
      </binding>
    </element>
    <element>
      <path value="DeviceMetric.measurementPeriod" />
      <short value="Describes the measurement repetition time" />
      <definition value="Describes the measurement repetition time. This is not necessarily the same as the update period. The measurement repetition time can range from milliseconds up to hours. An example for a measurement repetition time in the range of milliseconds is the sampling rate of an ECG. An example for a measurement repetition time in the range of hours is a NIBP that is triggered automatically every hour. The update period may be different than the measurement repetition time, if the device does not update the published observed value with the same frequency as it was measured." />
      <min value="0" />
      <max value="0" />
      <base>
        <path value="DeviceMetric.measurementPeriod" />
        <min value="0" />
        <max value="1" />
      </base>
      <type>
        <code value="Timing" />
      </type>
      <isSummary value="true" />
    </element>
    <element>
      <path value="DeviceMetric.calibration" />
      <short value="Describes the calibrations that have been performed or that are required to be performed" />
      <definition value="Describes the calibrations that have been performed or that are required to be performed." />
      <min value="0" />
      <max value="0" />
      <base>
        <path value="DeviceMetric.calibration" />
        <min value="0" />
        <max value="*" />
      </base>
      <type>
        <code value="BackboneElement" />
      </type>
      <isSummary value="true" />
    </element>
  </differential>
</StructureDefinition>