﻿<?xml version="1.0" encoding="utf-8"?>
<StructureDefinition xmlns="http://hl7.org/fhir">
  <meta>
    <lastUpdated value="2016-03-30T16:21:12.875+02:00" />
  </meta>
  <extension url="http://hl7.org/fhir/StructureDefinition/structuredefinition-fmm">
    <valueInteger value="0" />
  </extension>
  <url value="http://sll-mdilab.net/fhir/StructureDefinition/vital-sign-based-medication-order" />
  <name value="MDI VitalSignBasedMedicationOrder" />
  <status value="draft" />
  <publisher value="SLL Medical Device Integration Lab" />
  <date value="2016-03-30T00:00:00+02:00" />
  <description value="Represents a medication order which depends on a specified vital sign." />
  <fhirVersion value="1.0.1" />
  <mapping>
    <identity value="rim" />
    <uri value="http://hl7.org/v3" />
    <name value="RIM" />
  </mapping>
  <mapping>
    <identity value="w5" />
    <uri value="http://hl7.org/fhir/w5" />
    <name value="W5 Mapping" />
  </mapping>
  <mapping>
    <identity value="v2" />
    <uri value="http://hl7.org/v2" />
    <name value="HL7 v2" />
  </mapping>
  <kind value="resource" />
  <constrainedType value="MedicationOrder" />
  <abstract value="false" />
  <base value="http://hl7.org/fhir/StructureDefinition/MedicationOrder" />
  <differential>
    <element>
      <path value="MedicationOrder" />
      <short value="Prescription of medication to for patient" />
      <definition value="An order for both supply of the medication and the instructions for administration of the medication to a patient. The resource is called &quot;MedicationOrder&quot; rather than &quot;MedicationPrescription&quot; to generalize the use across inpatient and outpatient settings as well as for care plans, etc." />
      <alias value="Prescription" />
      <min value="0" />
      <max value="*" />
      <base>
        <path value="MedicationOrder" />
        <min value="0" />
        <max value="*" />
      </base>
      <type>
        <code value="MedicationOrder" />
      </type>
      <isSummary value="true" />
      <mapping>
        <identity value="rim" />
        <map value="CombinedMedicationRequest" />
      </mapping>
      <mapping>
        <identity value="w5" />
        <map value="clinical.medication" />
      </mapping>
    </element>
    <element>
      <path value="MedicationOrder.identifier" />
      <short value="External identifier" />
      <definition value="External identifier - one that would be used by another non-FHIR system - for example a re-imbursement system might issue its own id for each prescription that is created.  This is particularly important where FHIR only provides part of an entire workflow process where records have to be tracked through an entire system." />
      <min value="0" />
      <max value="0" />
      <base>
        <path value="MedicationOrder.identifier" />
        <min value="0" />
        <max value="*" />
      </base>
      <type>
        <code value="Identifier" />
      </type>
      <isSummary value="true" />
      <mapping>
        <identity value="v2" />
        <map value="ORC-2-Placer Order Number / ORC-3-Filler Order Number" />
      </mapping>
      <mapping>
        <identity value="rim" />
        <map value="id" />
      </mapping>
      <mapping>
        <identity value="w5" />
        <map value="id" />
      </mapping>
    </element>
    <element>
      <path value="MedicationOrder.dateWritten" />
      <short value="When prescription was authorized" />
      <definition value="The date (and perhaps time) when the prescription was written." />
      <min value="1" />
      <max value="1" />
      <base>
        <path value="MedicationOrder.dateWritten" />
        <min value="0" />
        <max value="1" />
      </base>
      <type>
        <code value="dateTime" />
      </type>
      <isSummary value="true" />
      <mapping>
        <identity value="v2" />
        <map value="RXE-32-Original Order Date/Time / ORC-9-Date/Time of Transaction" />
      </mapping>
      <mapping>
        <identity value="rim" />
        <map value="author.time" />
      </mapping>
      <mapping>
        <identity value="w5" />
        <map value="when.recorded" />
      </mapping>
    </element>
    <element>
      <path value="MedicationOrder.status" />
      <short value="active | on-hold | completed | entered-in-error | stopped | draft" />
      <definition value="A code specifying the state of the order.  Generally this will be active or completed state." />
      <min value="1" />
      <max value="1" />
      <base>
        <path value="MedicationOrder.status" />
        <min value="0" />
        <max value="1" />
      </base>
      <type>
        <code value="code" />
      </type>
      <isModifier value="true" />
      <isSummary value="true" />
      <binding>
        <strength value="required" />
        <description value="A code specifying the state of the prescribing event. Describes the lifecycle of the prescription." />
        <valueSetReference>
          <reference value="http://hl7.org/fhir/ValueSet/medication-order-status" />
        </valueSetReference>
      </binding>
      <mapping>
        <identity value="rim" />
        <map value="statusCode" />
      </mapping>
      <mapping>
        <identity value="w5" />
        <map value="status" />
      </mapping>
    </element>
    <element>
      <path value="MedicationOrder.dateEnded" />
      <short value="When prescription was stopped" />
      <definition value="The date (and perhaps time) when the prescription was stopped." />
      <min value="0" />
      <max value="0" />
      <base>
        <path value="MedicationOrder.dateEnded" />
        <min value="0" />
        <max value="1" />
      </base>
      <type>
        <code value="dateTime" />
      </type>
      <isSummary value="true" />
    </element>
    <element>
      <path value="MedicationOrder.reasonEnded" />
      <short value="Why prescription was stopped" />
      <definition value="The reason why the prescription was stopped, if it was." />
      <min value="0" />
      <max value="0" />
      <base>
        <path value="MedicationOrder.reasonEnded" />
        <min value="0" />
        <max value="1" />
      </base>
      <type>
        <code value="CodeableConcept" />
      </type>
      <isSummary value="true" />
      <binding>
        <strength value="example" />
        <description value="Codes indicating why the medication was terminated; e.g. Adverse reaction, medication change, issue resolved, etc." />
      </binding>
    </element>
    <element>
      <path value="MedicationOrder.patient" />
      <short value="Who prescription is for" />
      <definition value="A link to a resource representing the person to whom the medication will be given." />
      <comments value="SubstanceAdministration-&gt;subject-&gt;Patient." />
      <min value="1" />
      <max value="1" />
      <base>
        <path value="MedicationOrder.patient" />
        <min value="0" />
        <max value="1" />
      </base>
      <type>
        <code value="Reference" />
        <profile value="http://hl7.org/fhir/StructureDefinition/Patient" />
      </type>
      <isSummary value="true" />
      <mapping>
        <identity value="v2" />
        <map value="PID-3-Patient ID List" />
      </mapping>
      <mapping>
        <identity value="rim" />
        <map value="subject.role" />
      </mapping>
      <mapping>
        <identity value="w5" />
        <map value="who.focus" />
      </mapping>
    </element>
    <element>
      <path value="MedicationOrder.prescriber" />
      <short value="Who ordered the medication(s)" />
      <definition value="The healthcare professional responsible for authorizing the prescription." />
      <min value="1" />
      <max value="1" />
      <base>
        <path value="MedicationOrder.prescriber" />
        <min value="0" />
        <max value="1" />
      </base>
      <type>
        <code value="Reference" />
        <profile value="http://hl7.org/fhir/StructureDefinition/Practitioner" />
      </type>
      <isSummary value="true" />
      <mapping>
        <identity value="v2" />
        <map value="RXE-13-Ordering Provider's DEA Number / RXO-14-Ordering Provider's DEA Number / RXE-14-Pharmacist/Treatment Supplier's Verifier ID / RXO-15-Pharmacist/Treatment Supplier's Verifier ID / ORC-12-Ordering Provider / PRT-5-Participation Person: PRT-4-Participation='OP' (all but last deprecated)" />
      </mapping>
      <mapping>
        <identity value="rim" />
        <map value="author.role" />
      </mapping>
      <mapping>
        <identity value="w5" />
        <map value="who.actor" />
      </mapping>
    </element>
    <element>
      <path value="MedicationOrder.encounter" />
      <short value="Created during encounter/admission/stay" />
      <definition value="A link to a resource that identifies the particular occurrence of contact between patient and health care provider." />
      <comments value="SubstanceAdministration-&gt;component-&gt;EncounterEvent." />
      <min value="0" />
      <max value="0" />
      <base>
        <path value="MedicationOrder.encounter" />
        <min value="0" />
        <max value="1" />
      </base>
      <type>
        <code value="Reference" />
        <profile value="http://hl7.org/fhir/StructureDefinition/Encounter" />
      </type>
      <isSummary value="true" />
      <mapping>
        <identity value="v2" />
        <map value="PV1-19-Visit Number" />
      </mapping>
      <mapping>
        <identity value="rim" />
        <map value="componentOf.patientEncounter" />
      </mapping>
      <mapping>
        <identity value="w5" />
        <map value="context" />
      </mapping>
    </element>
    <element>
      <path value="MedicationOrder.reason[x]" />
      <short value="Reason or indication for writing the prescription" />
      <definition value="Can be the reason or the indication for writing the prescription." />
      <min value="0" />
      <max value="0" />
      <base>
        <path value="MedicationOrder.reason[x]" />
        <min value="0" />
        <max value="1" />
      </base>
      <type>
        <code value="CodeableConcept" />
      </type>
      <type>
        <code value="Reference" />
        <profile value="http://hl7.org/fhir/StructureDefinition/Condition" />
      </type>
      <isSummary value="true" />
      <binding>
        <strength value="example" />
        <description value="Codes indicating why the medication was ordered." />
        <valueSetReference>
          <reference value="http://hl7.org/fhir/ValueSet/condition-code" />
        </valueSetReference>
      </binding>
      <mapping>
        <identity value="v2" />
        <map value="ORC-16-Order Control Code Reason /RXE-27-Give Indication/RXO-20-Indication / RXD-21-Indication / RXG-22-Indication / RXA-19-Indication" />
      </mapping>
      <mapping>
        <identity value="rim" />
        <map value="reason.observation or reason.observation[code=ASSERTION].value" />
      </mapping>
      <mapping>
        <identity value="w5" />
        <map value="why" />
      </mapping>
    </element>
    <element>
      <path value="MedicationOrder.note" />
      <short value="Information about the prescription" />
      <definition value="Extra information about the prescription that could not be conveyed by the other attributes." />
      <min value="0" />
      <max value="0" />
      <base>
        <path value="MedicationOrder.note" />
        <min value="0" />
        <max value="1" />
      </base>
      <type>
        <code value="string" />
      </type>
      <isSummary value="true" />
    </element>
    <element>
      <path value="MedicationOrder.dosageInstruction.additionalInstructions.coding.system" />
      <short value="Identity of the terminology system" />
      <definition value="The identification of the code system that defines the meaning of the symbol in the code." />
      <comments value="The URI may be an OID (urn:oid:...) or a UUID (urn:uuid:...).  OIDs and UUIDs SHALL be references to the HL7 OID registry. Otherwise, the URI should come from HL7's list of FHIR defined special URIs or it should de-reference to some definition that establish the system clearly and unambiguously." />
      <requirements value="Need to be unambiguous about the source of the definition of the symbol." />
      <min value="0" />
      <max value="1" />
      <base>
        <path value="Coding.system" />
        <min value="0" />
        <max value="1" />
      </base>
      <type>
        <code value="uri" />
      </type>
      <fixedUri value="urn:iso:std:iso:11073:10101" />
      <isSummary value="true" />
      <mapping>
        <identity value="v2" />
        <map value="C*E.3" />
      </mapping>
      <mapping>
        <identity value="rim" />
        <map value="./codeSystem" />
      </mapping>
      <mapping>
        <identity value="orim" />
        <map value="fhir:Coding.system rdfs:subPropertyOf dt:CDCoding.codeSystem" />
      </mapping>
    </element>
    <element>
      <path value="MedicationOrder.dispenseRequest" />
      <short value="Medication supply authorization" />
      <definition value="Indicates the specific details for the dispense or medication supply part of a medication order (also known as a Medication Prescription).  Note that this information is NOT always sent with the order.  There may be in some settings (e.g. hospitals) institutional or system support for completing the dispense details in the pharmacy department." />
      <min value="0" />
      <max value="0" />
      <base>
        <path value="MedicationOrder.dispenseRequest" />
        <min value="0" />
        <max value="1" />
      </base>
      <type>
        <code value="BackboneElement" />
      </type>
      <isSummary value="true" />
      <mapping>
        <identity value="rim" />
        <map value="component.supplyEvent" />
      </mapping>
    </element>
    <element>
      <path value="MedicationOrder.substitution" />
      <short value="Any restrictions on medication substitution" />
      <definition value="Indicates whether or not substitution can or should be part of the dispense. In some cases substitution must happen, in other cases substitution must not happen, and in others it does not matter. This block explains the prescriber's intent. If nothing is specified substitution may be done." />
      <min value="0" />
      <max value="0" />
      <base>
        <path value="MedicationOrder.substitution" />
        <min value="0" />
        <max value="1" />
      </base>
      <type>
        <code value="BackboneElement" />
      </type>
      <isSummary value="true" />
      <mapping>
        <identity value="rim" />
        <map value="subjectOf.substitutionPersmission" />
      </mapping>
    </element>
    <element>
      <path value="MedicationOrder.priorPrescription" />
      <short value="An order/prescription that this supersedes" />
      <definition value="A link to a resource representing an earlier order or prescription that this order supersedes." />
      <min value="0" />
      <max value="0" />
      <base>
        <path value="MedicationOrder.priorPrescription" />
        <min value="0" />
        <max value="1" />
      </base>
      <type>
        <code value="Reference" />
        <profile value="http://hl7.org/fhir/StructureDefinition/MedicationOrder" />
      </type>
      <isSummary value="true" />
    </element>
  </differential>
</StructureDefinition>