﻿<?xml version="1.0" encoding="utf-8"?>
<StructureDefinition xmlns="http://hl7.org/fhir">
  <meta>
    <lastUpdated value="2016-03-30T16:21:15.325+02:00" />
  </meta>
  <extension url="http://hl7.org/fhir/StructureDefinition/structuredefinition-fmm">
    <valueInteger value="4" />
  </extension>
  <url value="http://sll-mdilab.net/fhir/StructureDefinition/mdi-organization" />
  <name value="MDI Organization Profile" />
  <status value="draft" />
  <publisher value="SLL Medical Device Integration Lab" />
  <date value="2016-03-30T00:00:00+02:00" />
  <fhirVersion value="1.0.1" />
  <mapping>
    <identity value="v2" />
    <uri value="http://hl7.org/v2" />
    <name value="HL7 v2" />
  </mapping>
  <mapping>
    <identity value="rim" />
    <uri value="http://hl7.org/v3" />
    <name value="RIM" />
  </mapping>
  <mapping>
    <identity value="servd" />
    <uri value="http://www.omg.org/spec/ServD/1.0/" />
    <name value="ServD" />
  </mapping>
  <mapping>
    <identity value="w5" />
    <uri value="http://hl7.org/fhir/w5" />
    <name value="W5 Mapping" />
  </mapping>
  <kind value="resource" />
  <constrainedType value="Organization" />
  <abstract value="false" />
  <base value="http://hl7.org/fhir/StructureDefinition/Organization" />
  <differential>
    <element>
      <path value="Organization" />
      <short value="A grouping of people or organizations with a common purpose" />
      <definition value="A formally or informally recognized grouping of people or organizations formed for the purpose of achieving some form of collective action.  Includes companies, institutions, corporations, departments, community groups, healthcare practice groups, etc." />
      <min value="0" />
      <max value="*" />
      <base>
        <path value="Organization" />
        <min value="0" />
        <max value="*" />
      </base>
      <type>
        <code value="Organization" />
      </type>
      <mapping>
        <identity value="v2" />
        <map value="(also see master files messages)" />
      </mapping>
      <mapping>
        <identity value="rim" />
        <map value="Organization(classCode=ORG, determinerCode=INST)" />
      </mapping>
      <mapping>
        <identity value="servd" />
        <map value="Organization" />
      </mapping>
      <mapping>
        <identity value="w5" />
        <map value="administrative.group" />
      </mapping>
    </element>
    <element>
      <path value="Organization.extension" />
      <slicing>
        <discriminator value="url" />
        <rules value="openAtEnd" />
      </slicing>
    </element>
    <element>
      <path value="Organization.extension" />
      <name value="medicationList" />
      <definition value="A list of common medications in use by the department." />
      <min value="1" />
      <max value="1" />
      <base>
        <path value="Organization.extension" />
        <min value="1" />
        <max value="1" />
      </base>
      <type>
        <code value="Extension" />
        <profile value="http://sll-mdilab.net/fhir/Organization#medicationList" />
      </type>
    </element>
    <element>
      <path value="Organization.identifier" />
      <short value="Identifies this organization  across multiple systems" />
      <definition value="Identifier for the organization that is used to identify the organization across multiple disparate systems." />
      <requirements value="Organizations are known by a variety of ids. Some institutions maintain several, and most collect identifiers for exchange with other organizations concerning the organization." />
      <min value="1" />
      <max value="1" />
      <base>
        <path value="Organization.identifier" />
        <min value="0" />
        <max value="*" />
      </base>
      <type>
        <code value="Identifier" />
      </type>
      <condition value="org-1" />
      <isSummary value="true" />
      <mapping>
        <identity value="v2" />
        <map value="XON.10 / XON.3" />
      </mapping>
      <mapping>
        <identity value="rim" />
        <map value=".scopes[Role](classCode=IDENT)" />
      </mapping>
      <mapping>
        <identity value="servd" />
        <map value="./Identifiers" />
      </mapping>
      <mapping>
        <identity value="w5" />
        <map value="id" />
      </mapping>
    </element>
    <element>
      <path value="Organization.identifier.value" />
      <short value="The value that is unique" />
      <definition value="The portion of the identifier typically displayed to the user and which is unique within the context of the system." />
      <comments value="If the value is a full URI, then the system SHALL be urn:ietf:rfc:3986." />
      <min value="1" />
      <max value="1" />
      <base>
        <path value="Identifier.value" />
        <min value="0" />
        <max value="1" />
      </base>
      <type>
        <code value="string" />
      </type>
      <exampleString value="123456" />
      <isSummary value="true" />
      <mapping>
        <identity value="v2" />
        <map value="CX.1 / EI.1" />
      </mapping>
      <mapping>
        <identity value="rim" />
        <map value="II.extension or II.root if system indicates OID or GUID (Or Role.id.extension or root)" />
      </mapping>
      <mapping>
        <identity value="servd" />
        <map value="./Value" />
      </mapping>
    </element>
    <element>
      <path value="Organization.type" />
      <short value="Kind of organization" />
      <definition value="The kind of organization that this is." />
      <comments value="Organizations can be corporations, wards, sections, clinical teams, government departments, etc. Note that code is generally a classifier of the type of organization; in many applications, codes are used to identity a particular organization (say, ward) as opposed to another of the same type - these are identifiers, not codes." />
      <requirements value="Need to be able to track the kind of organization that this is - different organization types have different uses." />
      <min value="0" />
      <max value="0" />
      <base>
        <path value="Organization.type" />
        <min value="0" />
        <max value="1" />
      </base>
      <type>
        <code value="CodeableConcept" />
      </type>
      <isSummary value="true" />
      <binding>
        <strength value="example" />
        <description value="Used to categorize the organization" />
        <valueSetReference>
          <reference value="http://hl7.org/fhir/ValueSet/organization-type" />
        </valueSetReference>
      </binding>
      <mapping>
        <identity value="v2" />
        <map value="No equivalent in v2" />
      </mapping>
      <mapping>
        <identity value="rim" />
        <map value=".code" />
      </mapping>
      <mapping>
        <identity value="servd" />
        <map value="n/a" />
      </mapping>
      <mapping>
        <identity value="w5" />
        <map value="class" />
      </mapping>
    </element>
    <element>
      <path value="Organization.name" />
      <short value="Name used for the organization" />
      <definition value="A name associated with the organization." />
      <requirements value="Need to use the name as the label of the organization." />
      <min value="1" />
      <max value="1" />
      <base>
        <path value="Organization.name" />
        <min value="0" />
        <max value="1" />
      </base>
      <type>
        <code value="string" />
      </type>
      <condition value="org-1" />
      <isSummary value="true" />
      <mapping>
        <identity value="v2" />
        <map value="XON.1" />
      </mapping>
      <mapping>
        <identity value="rim" />
        <map value=".name" />
      </mapping>
      <mapping>
        <identity value="servd" />
        <map value=".PreferredName/Name" />
      </mapping>
    </element>
    <element>
      <path value="Organization.telecom" />
      <short value="A contact detail for the organization" />
      <definition value="A contact detail for the organization." />
      <comments value="The use code home is not to be used. Note that these contacts are not the contact details of people who are employed by or represent the organization, but official contacts for the organization itself." />
      <requirements value="Human contact for the organization." />
      <min value="0" />
      <max value="0" />
      <base>
        <path value="Organization.telecom" />
        <min value="0" />
        <max value="*" />
      </base>
      <type>
        <code value="ContactPoint" />
      </type>
      <condition value="org-3" />
      <mapping>
        <identity value="v2" />
        <map value="ORC-22?" />
      </mapping>
      <mapping>
        <identity value="rim" />
        <map value=".telecom" />
      </mapping>
      <mapping>
        <identity value="servd" />
        <map value="./ContactPoints" />
      </mapping>
    </element>
    <element>
      <path value="Organization.address" />
      <short value="An address for the organization" />
      <definition value="An address for the organization." />
      <comments value="Organization may have multiple addresses with different uses or applicable periods. The use code home is not to be used." />
      <requirements value="May need to keep track of the organization's addresses for contacting, billing or reporting requirements." />
      <min value="0" />
      <max value="0" />
      <base>
        <path value="Organization.address" />
        <min value="0" />
        <max value="*" />
      </base>
      <type>
        <code value="Address" />
      </type>
      <condition value="org-2" />
      <mapping>
        <identity value="v2" />
        <map value="ORC-23?" />
      </mapping>
      <mapping>
        <identity value="rim" />
        <map value=".address" />
      </mapping>
      <mapping>
        <identity value="servd" />
        <map value="./PrimaryAddress and ./OtherAddresses" />
      </mapping>
    </element>
    <element>
      <path value="Organization.partOf" />
      <short value="The organization of which this organization forms a part" />
      <definition value="The organization of which this organization forms a part." />
      <requirements value="Need to be able to track the hierarchy of organizations within an organization." />
      <min value="0" />
      <max value="0" />
      <base>
        <path value="Organization.partOf" />
        <min value="0" />
        <max value="1" />
      </base>
      <type>
        <code value="Reference" />
        <profile value="http://hl7.org/fhir/StructureDefinition/Organization" />
      </type>
      <isSummary value="true" />
      <mapping>
        <identity value="v2" />
        <map value="No equivalent in HL7 v2" />
      </mapping>
      <mapping>
        <identity value="rim" />
        <map value=".playedBy[classCode=Part].scoper" />
      </mapping>
      <mapping>
        <identity value="servd" />
        <map value="n/a" />
      </mapping>
    </element>
    <element>
      <path value="Organization.contact" />
      <short value="Contact for the organization for a certain purpose" />
      <definition value="Contact for the organization for a certain purpose." />
      <comments value="Where multiple contacts for the same purpose are provided there is a standard extension that can be used to determine which one is the preferred contact to use." />
      <requirements value="Need to keep track of assigned contact points within bigger organization." />
      <min value="0" />
      <max value="0" />
      <base>
        <path value="Organization.contact" />
        <min value="0" />
        <max value="*" />
      </base>
      <type>
        <code value="BackboneElement" />
      </type>
      <mapping>
        <identity value="rim" />
        <map value=".contactParty" />
      </mapping>
    </element>
  </differential>
</StructureDefinition>