﻿<?xml version="1.0" encoding="utf-8"?>
<StructureDefinition xmlns="http://hl7.org/fhir">
  <id value="mdi-metric-order" />
  <meta>
    <lastUpdated value="2016-03-30T16:22:57.324+02:00" />
  </meta>
  <extension url="http://hl7.org/fhir/StructureDefinition/structuredefinition-fmm">
    <valueInteger value="0" />
  </extension>
  <url value="http://sll-mdilab.net/fhir/StructureDefinition/mdi-metric-order" />
  <name value="MDI MetricOrder Profile" />
  <display value="MDI-MetricOrder" />
  <status value="draft" />
  <publisher value="SLL Medical Device Integration Lab" />
  <date value="2016-03-30T00:00:00+02:00" />
  <fhirVersion value="1.0.1" />
  <kind value="resource" />
  <constrainedType value="Order" />
  <abstract value="false" />
  <base value="http://hl7.org/fhir/StructureDefinition/Order" />
  <differential>
    <element>
      <path value="Order" />
      <short value="A request to perform an action" />
      <definition value="A request to perform an action." />
      <alias value="Request" />
      <min value="0" />
      <max value="*" />
      <base>
        <path value="Order" />
        <min value="0" />
        <max value="*" />
      </base>
      <type>
        <code value="Order" />
      </type>
      <isSummary value="true" />
      <mapping>
        <identity value="rim" />
        <map value="ControlAct[classCode=ACTN, moodCode=RQO]" />
      </mapping>
      <mapping>
        <identity value="w5" />
        <map value="workflow.order" />
      </mapping>
    </element>
    <element>
      <path value="Order.extension" />
      <slicing>
        <discriminator value="url" />
        <rules value="openAtEnd" />
      </slicing>
    </element>
    <element>
      <path value="Order.extension" />
      <name value="alarmLimits" />
      <definition value="Optional Extensions Element - found in all resources." />
      <min value="0" />
      <max value="*" />
      <base>
        <path value="Order.extension" />
        <min value="0" />
        <max value="*" />
      </base>
      <type>
        <code value="Extension" />
        <profile value="http://sll-mdilab.net/fhir/Order#alarmlimits" />
      </type>
    </element>
    <element>
      <path value="Order.identifier" />
      <short value="Identifiers assigned to this order by the orderer or by the receiver" />
      <definition value="Identifiers assigned to this order by the orderer or by the receiver." />
      <min value="0" />
      <max value="0" />
      <base>
        <path value="Order.identifier" />
        <min value="0" />
        <max value="*" />
      </base>
      <type>
        <code value="Identifier" />
      </type>
      <isSummary value="true" />
      <mapping>
        <identity value="rim" />
        <map value=".id" />
      </mapping>
      <mapping>
        <identity value="w5" />
        <map value="id" />
      </mapping>
    </element>
    <element>
      <path value="Order.date" />
      <short value="When the order was made" />
      <definition value="When the order was made." />
      <min value="0" />
      <max value="0" />
      <base>
        <path value="Order.date" />
        <min value="0" />
        <max value="1" />
      </base>
      <type>
        <code value="dateTime" />
      </type>
      <isSummary value="true" />
      <mapping>
        <identity value="v2" />
        <map value="ORC-9" />
      </mapping>
      <mapping>
        <identity value="rim" />
        <map value=".participation[typeCode=AUT].time" />
      </mapping>
      <mapping>
        <identity value="w5" />
        <map value="when.done" />
      </mapping>
    </element>
    <element>
      <path value="Order.subject" />
      <short value="Patient this order is about" />
      <definition value="Patient this order is about." />
      <comments value="May be left blank if the request reference identifies the patient, or if the request is not associated with a patient." />
      <alias value="Patient" />
      <min value="1" />
      <max value="1" />
      <base>
        <path value="Order.subject" />
        <min value="0" />
        <max value="1" />
      </base>
      <type>
        <code value="Reference" />
        <profile value="http://hl7.org/fhir/StructureDefinition/Patient" />
      </type>
      <isSummary value="true" />
      <mapping>
        <identity value="v2" />
        <map value="PID-3" />
      </mapping>
      <mapping>
        <identity value="rim" />
        <map value=".participation[typeCode=SBJ].role[classCode=PAT]" />
      </mapping>
      <mapping>
        <identity value="w5" />
        <map value="who.focus" />
      </mapping>
    </element>
    <element>
      <path value="Order.source" />
      <short value="Who initiated the order" />
      <definition value="Who initiated the order." />
      <alias value="Author" />
      <alias value="Practitioner" />
      <min value="1" />
      <max value="1" />
      <base>
        <path value="Order.source" />
        <min value="0" />
        <max value="1" />
      </base>
      <type>
        <code value="Reference" />
        <profile value="http://hl7.org/fhir/StructureDefinition/Practitioner" />
      </type>
      <isSummary value="true" />
      <mapping>
        <identity value="v2" />
        <map value="ORC-12 / OBR-16 / RXO-14 / RXE-13 / PRT-5 (PRT-4-Participation='OP')" />
      </mapping>
      <mapping>
        <identity value="rim" />
        <map value=".participation[typeCode=AUT].role" />
      </mapping>
      <mapping>
        <identity value="w5" />
        <map value="who.cause" />
      </mapping>
    </element>
    <element>
      <path value="Order.target" />
      <short value="Who is intended to fulfill the order" />
      <definition value="Who is intended to fulfill the order." />
      <min value="0" />
      <max value="0" />
      <base>
        <path value="Order.target" />
        <min value="0" />
        <max value="1" />
      </base>
      <type>
        <code value="Reference" />
        <profile value="http://hl7.org/fhir/StructureDefinition/Organization" />
      </type>
      <type>
        <code value="Reference" />
        <profile value="http://hl7.org/fhir/StructureDefinition/Device" />
      </type>
      <type>
        <code value="Reference" />
        <profile value="http://hl7.org/fhir/StructureDefinition/Practitioner" />
      </type>
      <isSummary value="true" />
      <mapping>
        <identity value="v2" />
        <map value="Unclear: MSH-5 / IPC-7 / BPO-8 / RXO-32 / RXE-40 / RXD-30 / RXG-11 / RXG-27 / PRT-8 (PRT-4-participation in { 'AP', 'DP', 'PO', 'RT' })" />
      </mapping>
      <mapping>
        <identity value="rim" />
        <map value=".participation[typeCode=PFM].role" />
      </mapping>
      <mapping>
        <identity value="w5" />
        <map value="who.actor" />
      </mapping>
    </element>
    <element>
      <path value="Order.reason[x]" />
      <short value="Text - why the order was made" />
      <definition value="Text - why the order was made." />
      <min value="0" />
      <max value="0" />
      <base>
        <path value="Order.reason[x]" />
        <min value="0" />
        <max value="1" />
      </base>
      <type>
        <code value="CodeableConcept" />
      </type>
      <type>
        <code value="Reference" />
        <profile value="http://hl7.org/fhir/StructureDefinition/Resource" />
      </type>
      <isSummary value="true" />
      <binding>
        <strength value="example" />
        <description value="Indicates the reason for seeking fulfillment of the order." />
      </binding>
      <mapping>
        <identity value="v2" />
        <map value="ORC-16.2 / OBR-31.2 / BPO-13.2-BP / RXO-20.2 / RXE-27.2 / RXD-21.2 / RXG-22.2 / RXA-19.2" />
      </mapping>
      <mapping>
        <identity value="rim" />
        <map value=".reasonCode or .outboundRelationship[typeCode=RSON].target" />
      </mapping>
      <mapping>
        <identity value="w5" />
        <map value="why" />
      </mapping>
    </element>
    <element>
      <path value="Order.when" />
      <short value="When order should be fulfilled" />
      <definition value="When order should be fulfilled." />
      <min value="0" />
      <max value="0" />
      <base>
        <path value="Order.when" />
        <min value="0" />
        <max value="1" />
      </base>
      <type>
        <code value="BackboneElement" />
      </type>
      <isSummary value="true" />
      <mapping>
        <identity value="v2" />
        <map value="TQ1, TQ2" />
      </mapping>
      <mapping>
        <identity value="rim" />
        <map value=".effectiveTime" />
      </mapping>
    </element>
    <element>
      <path value="Order.detail" />
      <short value="What action is being ordered" />
      <definition value="What action is being ordered." />
      <min value="1" />
      <max value="*" />
      <base>
        <path value="Order.detail" />
        <min value="1" />
        <max value="*" />
      </base>
      <type>
        <code value="Reference" />
        <profile value="http://hl7.org/fhir/StructureDefinition/DeviceMetric" />
      </type>
      <isSummary value="true" />
      <mapping>
        <identity value="rim" />
        <map value=".outboundRelationship[typeCode=SUBJ].target" />
      </mapping>
    </element>
    <element>
      <path value="Order.detail.reference" />
      <short value="Relative, internal or absolute URL reference" />
      <definition value="A reference to a location at which the other resource is found. The reference may be a relative reference, in which case it is relative to the service base URL, or an absolute URL that resolves to the location where the resource is found. The reference may be version specific or not. If the reference is not to a FHIR RESTful server, then it should be assumed to be version specific. Internal fragment references (start with '#') refer to contained resources." />
      <comments value="Using absolute URLs provides a stable scalable approach suitable for a cloud/web context, while using relative/logical references provides a flexible approach suitable for use when trading across closed eco-system boundaries.   Absolute URLs do not need to point to a FHIR RESTful server, though this is the preferred approach. If the URL conforms to the structure &quot;/[type]/[id]&quot; then it should be assumed that the reference is to a FHIR RESTful server." />
      <min value="1" />
      <max value="1" />
      <base>
        <path value="Reference.reference" />
        <min value="0" />
        <max value="1" />
      </base>
      <type>
        <code value="string" />
      </type>
      <condition value="ref-1" />
      <isSummary value="true" />
      <mapping>
        <identity value="rim" />
        <map value="N/A" />
      </mapping>
    </element>
    <element>
      <path value="Order.detail.display" />
      <short value="Text alternative for the resource" />
      <definition value="Plain text narrative that identifies the resource in addition to the resource reference." />
      <comments value="This is generally not the same as the Resource.text of the referenced resource.  The purpose is to identify what's being referenced, not to fully describe it." />
      <min value="0" />
      <max value="0" />
      <base>
        <path value="Reference.display" />
        <min value="0" />
        <max value="1" />
      </base>
      <type>
        <code value="string" />
      </type>
      <isSummary value="true" />
      <mapping>
        <identity value="rim" />
        <map value="N/A" />
      </mapping>
    </element>
  </differential>
</StructureDefinition>