﻿<?xml version="1.0" encoding="utf-8"?>
<StructureDefinition xmlns="http://hl7.org/fhir">
  <id value="mdi-practitioner" />
  <meta>
    <lastUpdated value="2016-03-31T15:26:51.114+02:00" />
  </meta>
  <extension url="http://hl7.org/fhir/StructureDefinition/structuredefinition-fmm">
    <valueInteger value="3" />
  </extension>
  <url value="http://sll-mdilab.net/fhir/StructureDefinition/mdi-practitioner" />
  <name value="MDI Practitioner Profile" />
  <display value="MDI-Practitioner" />
  <status value="draft" />
  <publisher value="SLL Medical Device Integration Lab" />
  <date value="2016-03-30T00:00:00+02:00" />
  <fhirVersion value="1.0.1" />
  <mapping>
    <identity value="v2" />
    <uri value="http://hl7.org/v2" />
    <name value="HL7 v2" />
  </mapping>
  <mapping>
    <identity value="rim" />
    <uri value="http://hl7.org/v3" />
    <name value="RIM" />
  </mapping>
  <mapping>
    <identity value="servd" />
    <uri value="http://www.omg.org/spec/ServD/1.0/" />
    <name value="ServD" />
  </mapping>
  <mapping>
    <identity value="w5" />
    <uri value="http://hl7.org/fhir/w5" />
    <name value="W5 Mapping" />
  </mapping>
  <kind value="resource" />
  <constrainedType value="Practitioner" />
  <abstract value="false" />
  <base value="http://hl7.org/fhir/StructureDefinition/Practitioner" />
  <differential>
    <element>
      <path value="Practitioner" />
      <short value="A person with a  formal responsibility in the provisioning of healthcare or related services" />
      <definition value="A person who is directly or indirectly involved in the provisioning of healthcare." />
      <comments value="Note that a cab driver no longer fits the bill. You probably would be interested in the organization rather than the individual?" />
      <min value="0" />
      <max value="*" />
      <base>
        <path value="Practitioner" />
        <min value="0" />
        <max value="*" />
      </base>
      <type>
        <code value="Practitioner" />
      </type>
      <mapping>
        <identity value="v2" />
        <map value="PRD (as one example)" />
      </mapping>
      <mapping>
        <identity value="rim" />
        <map value="Role" />
      </mapping>
      <mapping>
        <identity value="servd" />
        <map value="Provider" />
      </mapping>
      <mapping>
        <identity value="w5" />
        <map value="administrative.individual" />
      </mapping>
    </element>
    <element>
      <path value="Practitioner.identifier" />
      <short value="A identifier for the person as this agent" />
      <definition value="An identifier that applies to this person in this role." />
      <requirements value="Often, specific identities are assigned for the agent." />
      <min value="1" />
      <max value="1" />
      <base>
        <path value="Practitioner.identifier" />
        <min value="0" />
        <max value="*" />
      </base>
      <type>
        <code value="Identifier" />
      </type>
      <isSummary value="true" />
      <mapping>
        <identity value="v2" />
        <map value="PRD-7 (or XCN.1)" />
      </mapping>
      <mapping>
        <identity value="rim" />
        <map value="./id" />
      </mapping>
      <mapping>
        <identity value="servd" />
        <map value="./Identifiers" />
      </mapping>
      <mapping>
        <identity value="w5" />
        <map value="id" />
      </mapping>
    </element>
    <element>
      <path value="Practitioner.identifier.use" />
      <short value="usual | official | temp | secondary (If known)" />
      <definition value="The purpose of this identifier." />
      <comments value="This is labeled as &quot;Is Modifier&quot; because applications should not mistake a temporary id for a permanent one. Applications can assume that an identifier is permanent unless it explicitly says that it is temporary." />
      <requirements value="Allows the appropriate identifier for a particular context of use to be selected from among a set of identifiers." />
      <min value="0" />
      <max value="0" />
      <base>
        <path value="Identifier.use" />
        <min value="0" />
        <max value="1" />
      </base>
      <type>
        <code value="code" />
      </type>
      <isModifier value="true" />
      <isSummary value="true" />
      <binding>
        <strength value="required" />
        <description value="Identifies the purpose for this identifier, if known ." />
        <valueSetReference>
          <reference value="http://hl7.org/fhir/ValueSet/identifier-use" />
        </valueSetReference>
      </binding>
      <mapping>
        <identity value="v2" />
        <map value="N/A" />
      </mapping>
      <mapping>
        <identity value="rim" />
        <map value="Role.code or implied by context" />
      </mapping>
    </element>
    <element>
      <path value="Practitioner.identifier.type" />
      <short value="Description of identifier" />
      <definition value="A coded type for the identifier that can be used to determine which identifier to use for a specific purpose." />
      <comments value="This element deals only with general categories of identifiers.  It SHOULD not be used for codes that correspond 1..1 with the Identifier.system. Some identifiers may fall into multiple categories due to common usage.   Where the system is known, a type is unnecessary because the type is always part of the system definition. However systems often need to handle identifiers where the system is not known. There is not a 1:1 relationship between type and system, since many different systems have the same type." />
      <requirements value="Allows users to make use of identifiers when the identifier system is not known." />
      <min value="0" />
      <max value="0" />
      <base>
        <path value="Identifier.type" />
        <min value="0" />
        <max value="1" />
      </base>
      <type>
        <code value="CodeableConcept" />
      </type>
      <isSummary value="true" />
      <binding>
        <strength value="extensible" />
        <description value="A coded type for an identifier that can be used to determine which identifier to use for a specific purpose." />
        <valueSetReference>
          <reference value="http://hl7.org/fhir/ValueSet/identifier-type" />
        </valueSetReference>
      </binding>
      <mapping>
        <identity value="v2" />
        <map value="CX.5" />
      </mapping>
      <mapping>
        <identity value="rim" />
        <map value="Role.code or implied by context" />
      </mapping>
    </element>
    <element>
      <path value="Practitioner.identifier.system" />
      <short value="The namespace for the identifier" />
      <definition value="Establishes the namespace in which set of possible id values is unique." />
      <requirements value="There are many sequences of identifiers.  To perform matching, we need to know what sequence we're dealing with. The system identifies a particular sequence or set of unique identifiers." />
      <min value="0" />
      <max value="0" />
      <base>
        <path value="Identifier.system" />
        <min value="0" />
        <max value="1" />
      </base>
      <type>
        <code value="uri" />
      </type>
      <exampleUri value="http://www.acme.com/identifiers/patient or urn:ietf:rfc:3986 if the Identifier.value itself is a full uri" />
      <isSummary value="true" />
      <mapping>
        <identity value="v2" />
        <map value="CX.4 / EI-2-4" />
      </mapping>
      <mapping>
        <identity value="rim" />
        <map value="II.root or Role.id.root" />
      </mapping>
      <mapping>
        <identity value="servd" />
        <map value="./IdentifierType" />
      </mapping>
    </element>
    <element>
      <path value="Practitioner.identifier.period" />
      <short value="Time period when id is/was valid for use" />
      <definition value="Time period during which identifier is/was valid for use." />
      <min value="0" />
      <max value="0" />
      <base>
        <path value="Identifier.period" />
        <min value="0" />
        <max value="1" />
      </base>
      <type>
        <code value="Period" />
      </type>
      <isSummary value="true" />
      <mapping>
        <identity value="v2" />
        <map value="CX.7 + CX.8" />
      </mapping>
      <mapping>
        <identity value="rim" />
        <map value="Role.effectiveTime or implied by context" />
      </mapping>
      <mapping>
        <identity value="servd" />
        <map value="./StartDate and ./EndDate" />
      </mapping>
    </element>
    <element>
      <path value="Practitioner.identifier.assigner" />
      <short value="Organization that issued id (may be just text)" />
      <definition value="Organization that issued/manages the identifier." />
      <comments value="The reference may be just a text description of the assigner." />
      <min value="0" />
      <max value="0" />
      <base>
        <path value="Identifier.assigner" />
        <min value="0" />
        <max value="1" />
      </base>
      <type>
        <code value="Reference" />
        <profile value="http://hl7.org/fhir/StructureDefinition/Organization" />
      </type>
      <isSummary value="true" />
      <mapping>
        <identity value="v2" />
        <map value="CX.4 / (CX.4,CX.9,CX.10)" />
      </mapping>
      <mapping>
        <identity value="rim" />
        <map value="II.assigningAuthorityName but note that this is an improper use by the definition of the field.  Also Role.scoper" />
      </mapping>
      <mapping>
        <identity value="servd" />
        <map value="./IdentifierIssuingAuthority" />
      </mapping>
    </element>
    <element>
      <path value="Practitioner.active" />
      <short value="Whether this practitioner's record is in active use" />
      <definition value="Whether this practitioner's record is in active use." />
      <comments value="Default is true.   If the practitioner is not in use by one organization, then it should mark the period on the PractitonerRole with an end date (even if they are active) as they may be active in another role." />
      <requirements value="Need to be able to mark a practitioner record as not to be used because it was created in error." />
      <min value="0" />
      <max value="0" />
      <base>
        <path value="Practitioner.active" />
        <min value="0" />
        <max value="1" />
      </base>
      <type>
        <code value="boolean" />
      </type>
      <defaultValueBoolean value="true" />
      <isSummary value="true" />
      <mapping>
        <identity value="rim" />
        <map value="./StatusCode" />
      </mapping>
      <mapping>
        <identity value="w5" />
        <map value="status" />
      </mapping>
    </element>
    <element>
      <path value="Practitioner.name" />
      <short value="A name associated with the person" />
      <definition value="A name associated with the person." />
      <requirements value="Contact persons need to be identified by name, but it is uncommon to need details about multiple other names for that person." />
      <min value="1" />
      <max value="1" />
      <base>
        <path value="Practitioner.name" />
        <min value="0" />
        <max value="1" />
      </base>
      <type>
        <code value="HumanName" />
      </type>
      <isSummary value="true" />
      <mapping>
        <identity value="v2" />
        <map value="XCN Components" />
      </mapping>
      <mapping>
        <identity value="rim" />
        <map value="./name" />
      </mapping>
      <mapping>
        <identity value="servd" />
        <map value="./PreferredName (GivenNames, FamilyName, TitleCode)" />
      </mapping>
    </element>
    <element>
      <path value="Practitioner.name.use" />
      <short value="usual | official | temp | nickname | anonymous | old | maiden" />
      <definition value="Identifies the purpose for this name." />
      <comments value="This is labeled as &quot;Is Modifier&quot; because applications should not mistake a temporary or old name etc.for a current/permanent one. Applications can assume that a name is current unless it explicitly says that it is temporary or old." />
      <requirements value="Allows the appropriate name for a particular context of use to be selected from among a set of names." />
      <min value="0" />
      <max value="0" />
      <base>
        <path value="HumanName.use" />
        <min value="0" />
        <max value="1" />
      </base>
      <type>
        <code value="code" />
      </type>
      <isModifier value="true" />
      <isSummary value="true" />
      <binding>
        <strength value="required" />
        <description value="The use of a human name" />
        <valueSetReference>
          <reference value="http://hl7.org/fhir/ValueSet/name-use" />
        </valueSetReference>
      </binding>
      <mapping>
        <identity value="v2" />
        <map value="XPN.7, but often indicated by which field contains the name" />
      </mapping>
      <mapping>
        <identity value="rim" />
        <map value="unique(./use)" />
      </mapping>
      <mapping>
        <identity value="servd" />
        <map value="./NamePurpose" />
      </mapping>
    </element>
    <element>
      <path value="Practitioner.name.text" />
      <short value="Text representation of the full name" />
      <definition value="A full text representation of the name." />
      <comments value="Can provide both a text representation and structured parts." />
      <requirements value="A renderable, unencoded form." />
      <min value="1" />
      <max value="1" />
      <base>
        <path value="HumanName.text" />
        <min value="0" />
        <max value="1" />
      </base>
      <type>
        <code value="string" />
      </type>
      <isSummary value="true" />
      <mapping>
        <identity value="v2" />
        <map value="implied by XPN.11" />
      </mapping>
      <mapping>
        <identity value="rim" />
        <map value="./formatted" />
      </mapping>
    </element>
    <element>
      <path value="Practitioner.name.family" />
      <short value="Family name (often called 'Surname')" />
      <definition value="The part of a name that links to the genealogy. In some cultures (e.g. Eritrea) the family name of a son is the first name of his father." />
      <comments value="For family name, hyphenated names such as &quot;Smith-Jones&quot; are a single name, but names with spaces such as &quot;Smith Jones&quot; are broken into multiple parts." />
      <alias value="surname" />
      <min value="0" />
      <max value="0" />
      <base>
        <path value="HumanName.family" />
        <min value="0" />
        <max value="*" />
      </base>
      <type>
        <code value="string" />
      </type>
      <isSummary value="true" />
      <mapping>
        <identity value="v2" />
        <map value="XPN.1" />
      </mapping>
      <mapping>
        <identity value="rim" />
        <map value="./part[partType = FAM]" />
      </mapping>
      <mapping>
        <identity value="servd" />
        <map value="./FamilyName" />
      </mapping>
    </element>
    <element>
      <path value="Practitioner.name.given" />
      <short value="Given names (not always 'first'). Includes middle names" />
      <definition value="Given name." />
      <comments value="If only initials are recorded, they may be used in place of the full name.  Not called &quot;first name&quot; since given names do not always come first." />
      <alias value="first name" />
      <alias value="middle name" />
      <min value="0" />
      <max value="0" />
      <base>
        <path value="HumanName.given" />
        <min value="0" />
        <max value="*" />
      </base>
      <type>
        <code value="string" />
      </type>
      <isSummary value="true" />
      <mapping>
        <identity value="v2" />
        <map value="XPN.2 + XPN.3" />
      </mapping>
      <mapping>
        <identity value="rim" />
        <map value="./part[partType = GIV]" />
      </mapping>
      <mapping>
        <identity value="servd" />
        <map value="./GivenNames" />
      </mapping>
    </element>
    <element>
      <path value="Practitioner.name.prefix" />
      <short value="Parts that come before the name" />
      <definition value="Part of the name that is acquired as a title due to academic, legal, employment or nobility status, etc. and that appears at the start of the name." />
      <min value="0" />
      <max value="0" />
      <base>
        <path value="HumanName.prefix" />
        <min value="0" />
        <max value="*" />
      </base>
      <type>
        <code value="string" />
      </type>
      <isSummary value="true" />
      <mapping>
        <identity value="v2" />
        <map value="XPN.5" />
      </mapping>
      <mapping>
        <identity value="rim" />
        <map value="./part[partType = PFX]" />
      </mapping>
      <mapping>
        <identity value="servd" />
        <map value="./TitleCode" />
      </mapping>
    </element>
    <element>
      <path value="Practitioner.name.suffix" />
      <short value="Parts that come after the name" />
      <definition value="Part of the name that is acquired as a title due to academic, legal, employment or nobility status, etc. and that appears at the end of the name." />
      <min value="0" />
      <max value="0" />
      <base>
        <path value="HumanName.suffix" />
        <min value="0" />
        <max value="*" />
      </base>
      <type>
        <code value="string" />
      </type>
      <isSummary value="true" />
      <mapping>
        <identity value="v2" />
        <map value="XPN/4" />
      </mapping>
      <mapping>
        <identity value="rim" />
        <map value="./part[partType = SFX]" />
      </mapping>
    </element>
    <element>
      <path value="Practitioner.name.period" />
      <short value="Time period when name was/is in use" />
      <definition value="Indicates the period of time when this name was valid for the named person." />
      <requirements value="Allows names to be placed in historical context." />
      <min value="0" />
      <max value="0" />
      <base>
        <path value="HumanName.period" />
        <min value="0" />
        <max value="1" />
      </base>
      <type>
        <code value="Period" />
      </type>
      <isSummary value="true" />
      <mapping>
        <identity value="v2" />
        <map value="XPN.13 + XPN.14" />
      </mapping>
      <mapping>
        <identity value="rim" />
        <map value="./usablePeriod[type=&quot;IVL&lt;TS&gt;&quot;]" />
      </mapping>
      <mapping>
        <identity value="servd" />
        <map value="./StartDate and ./EndDate" />
      </mapping>
    </element>
    <element>
      <path value="Practitioner.telecom" />
      <short value="A contact detail for the practitioner" />
      <definition value="A contact detail for the practitioner, e.g. a telephone number or an email address." />
      <comments value="Person may have multiple ways to be contacted with different uses or applicable periods.  May need to have options for contacting the person urgently, and also to help with identification." />
      <requirements value="Need to know how to reach a practitioner." />
      <min value="0" />
      <max value="0" />
      <base>
        <path value="Practitioner.telecom" />
        <min value="0" />
        <max value="*" />
      </base>
      <type>
        <code value="ContactPoint" />
      </type>
      <isSummary value="true" />
      <mapping>
        <identity value="v2" />
        <map value="PRT-15, STF-10, ROL-12" />
      </mapping>
      <mapping>
        <identity value="rim" />
        <map value="./telecom" />
      </mapping>
      <mapping>
        <identity value="servd" />
        <map value="./ContactPoints" />
      </mapping>
    </element>
    <element>
      <path value="Practitioner.address" />
      <short value="Where practitioner can be found/visited" />
      <definition value="The postal address where the practitioner can be found or visited or to which mail can be delivered." />
      <requirements value="Need to keep track where the practitioner can found during work or for directing mail." />
      <min value="0" />
      <max value="0" />
      <base>
        <path value="Practitioner.address" />
        <min value="0" />
        <max value="*" />
      </base>
      <type>
        <code value="Address" />
      </type>
      <isSummary value="true" />
      <mapping>
        <identity value="v2" />
        <map value="ORC-24, STF-11, ROL-11, PRT-14" />
      </mapping>
      <mapping>
        <identity value="rim" />
        <map value="./addr" />
      </mapping>
      <mapping>
        <identity value="servd" />
        <map value="./Addresses" />
      </mapping>
    </element>
    <element>
      <path value="Practitioner.gender" />
      <short value="male | female | other | unknown" />
      <definition value="Administrative Gender - the gender that the person is considered to have for administration and record keeping purposes." />
      <requirements value="Needed to address the person correctly." />
      <min value="0" />
      <max value="0" />
      <base>
        <path value="Practitioner.gender" />
        <min value="0" />
        <max value="1" />
      </base>
      <type>
        <code value="code" />
      </type>
      <isSummary value="true" />
      <binding>
        <strength value="required" />
        <description value="The gender of a person used for administrative purposes." />
        <valueSetReference>
          <reference value="http://hl7.org/fhir/ValueSet/administrative-gender" />
        </valueSetReference>
      </binding>
      <mapping>
        <identity value="v2" />
        <map value="STF-5" />
      </mapping>
      <mapping>
        <identity value="rim" />
        <map value="./administrativeGender" />
      </mapping>
      <mapping>
        <identity value="servd" />
        <map value="./GenderCode" />
      </mapping>
    </element>
    <element>
      <path value="Practitioner.birthDate" />
      <short value="The date  on which the practitioner was born" />
      <definition value="The date of birth for the practitioner." />
      <requirements value="Needed for identification." />
      <min value="0" />
      <max value="0" />
      <base>
        <path value="Practitioner.birthDate" />
        <min value="0" />
        <max value="1" />
      </base>
      <type>
        <code value="date" />
      </type>
      <isSummary value="true" />
      <mapping>
        <identity value="v2" />
        <map value="STF-6" />
      </mapping>
      <mapping>
        <identity value="rim" />
        <map value="./birthTime" />
      </mapping>
      <mapping>
        <identity value="servd" />
        <map value="(not represented in ServD)" />
      </mapping>
    </element>
    <element>
      <path value="Practitioner.photo" />
      <short value="Image of the person" />
      <definition value="Image of the person." />
      <requirements value="Many EHR systems have the capability to capture an image of patients and personnel. Fits with newer social media usage too." />
      <min value="0" />
      <max value="0" />
      <base>
        <path value="Practitioner.photo" />
        <min value="0" />
        <max value="*" />
      </base>
      <type>
        <code value="Attachment" />
      </type>
      <mapping>
        <identity value="rim" />
        <map value="./subjectOf/ObservationEvent[code=&quot;photo&quot;]/value" />
      </mapping>
      <mapping>
        <identity value="servd" />
        <map value="./ImageURI (only supports the URI reference)" />
      </mapping>
    </element>
    <element>
      <path value="Practitioner.practitionerRole" />
      <short value="Roles/organizations the practitioner is associated with" />
      <definition value="The list of roles/organizations that the practitioner is associated with." />
      <min value="1" />
      <max value="1" />
      <base>
        <path value="Practitioner.practitionerRole" />
        <min value="0" />
        <max value="*" />
      </base>
      <type>
        <code value="BackboneElement" />
      </type>
      <mapping>
        <identity value="rim" />
        <map value=".(Role)" />
      </mapping>
    </element>
    <element>
      <path value="Practitioner.practitionerRole.managingOrganization" />
      <short value="Organization where the roles are performed" />
      <definition value="The organization where the Practitioner performs the roles associated." />
      <min value="1" />
      <max value="1" />
      <base>
        <path value="Practitioner.practitionerRole.managingOrganization" />
        <min value="0" />
        <max value="1" />
      </base>
      <type>
        <code value="Reference" />
        <profile value="http://hl7.org/fhir/StructureDefinition/Organization" />
      </type>
      <mapping>
        <identity value="rim" />
        <map value="scopingOrganization" />
      </mapping>
    </element>
    <element>
      <path value="Practitioner.practitionerRole.managingOrganization.reference" />
      <short value="Relative, internal or absolute URL reference" />
      <definition value="A reference to a location at which the other resource is found. The reference may be a relative reference, in which case it is relative to the service base URL, or an absolute URL that resolves to the location where the resource is found. The reference may be version specific or not. If the reference is not to a FHIR RESTful server, then it should be assumed to be version specific. Internal fragment references (start with '#') refer to contained resources." />
      <comments value="Using absolute URLs provides a stable scalable approach suitable for a cloud/web context, while using relative/logical references provides a flexible approach suitable for use when trading across closed eco-system boundaries.   Absolute URLs do not need to point to a FHIR RESTful server, though this is the preferred approach. If the URL conforms to the structure &quot;/[type]/[id]&quot; then it should be assumed that the reference is to a FHIR RESTful server." />
      <min value="1" />
      <max value="1" />
      <base>
        <path value="Reference.reference" />
        <min value="0" />
        <max value="1" />
      </base>
      <type>
        <code value="string" />
      </type>
      <condition value="ref-1" />
      <isSummary value="true" />
      <mapping>
        <identity value="rim" />
        <map value="N/A" />
      </mapping>
    </element>
    <element>
      <path value="Practitioner.practitionerRole.managingOrganization.display" />
      <short value="Text alternative for the resource" />
      <definition value="Plain text narrative that identifies the resource in addition to the resource reference." />
      <comments value="This is generally not the same as the Resource.text of the referenced resource.  The purpose is to identify what's being referenced, not to fully describe it." />
      <min value="0" />
      <max value="0" />
      <base>
        <path value="Reference.display" />
        <min value="0" />
        <max value="1" />
      </base>
      <type>
        <code value="string" />
      </type>
      <isSummary value="true" />
      <mapping>
        <identity value="rim" />
        <map value="N/A" />
      </mapping>
    </element>
    <element>
      <path value="Practitioner.practitionerRole.role" />
      <short value="Roles which this practitioner may perform" />
      <definition value="Roles which this practitioner is authorized to perform for the organization." />
      <comments value="A person may have more than one role. At least one role is required." />
      <requirements value="Need to know what authority the practitioner has - what can they do?" />
      <min value="1" />
      <max value="1" />
      <base>
        <path value="Practitioner.practitionerRole.role" />
        <min value="0" />
        <max value="1" />
      </base>
      <type>
        <code value="CodeableConcept" />
      </type>
      <isSummary value="true" />
      <binding>
        <strength value="example" />
        <description value="The role a person plays representing an organization" />
        <valueSetReference>
          <reference value="http://hl7.org/fhir/ValueSet/practitioner-role" />
        </valueSetReference>
      </binding>
      <mapping>
        <identity value="v2" />
        <map value="PRD-1 / STF-18  / PRA-3  / PRT-4  / ROL-3 / ORC-12 / OBR-16 / PV1-7 / PV1-8 / PV1-9 / PV1-17" />
      </mapping>
      <mapping>
        <identity value="rim" />
        <map value="./code" />
      </mapping>
      <mapping>
        <identity value="servd" />
        <map value="(ServD maps Practitioners and Organizations via another entity, so this concept is not available)" />
      </mapping>
    </element>
    <element>
      <path value="Practitioner.practitionerRole.role.coding" />
      <short value="Code defined by a terminology system" />
      <definition value="A reference to a code defined by a terminology system." />
      <comments value="Codes may be defined very casually in enumerations, or code lists, up to very formal definitions such as SNOMED CT - see the HL7 v3 Core Principles for more information.  Ordering of codings is undefined and SHALL NOT be used to infer meaning. Generally, at most only one of the coding values will be labelled as UserSelected = true." />
      <requirements value="Allows for translations and alternate encodings within a code system.  Also supports communication of the same instance to systems requiring different encodings." />
      <min value="1" />
      <max value="1" />
      <base>
        <path value="CodeableConcept.coding" />
        <min value="0" />
        <max value="*" />
      </base>
      <type>
        <code value="Coding" />
      </type>
      <isSummary value="true" />
      <mapping>
        <identity value="v2" />
        <map value="C*E.1-8, C*E.10-22" />
      </mapping>
      <mapping>
        <identity value="rim" />
        <map value="union(., ./translation)" />
      </mapping>
      <mapping>
        <identity value="orim" />
        <map value="fhir:CodeableConcept.coding rdfs:subPropertyOf dt:CD.coding" />
      </mapping>
    </element>
    <element>
      <path value="Practitioner.practitionerRole.role.coding.system" />
      <short value="Identity of the terminology system" />
      <definition value="The identification of the code system that defines the meaning of the symbol in the code." />
      <comments value="The URI may be an OID (urn:oid:...) or a UUID (urn:uuid:...).  OIDs and UUIDs SHALL be references to the HL7 OID registry. Otherwise, the URI should come from HL7's list of FHIR defined special URIs or it should de-reference to some definition that establish the system clearly and unambiguously." />
      <requirements value="Need to be unambiguous about the source of the definition of the symbol." />
      <min value="1" />
      <max value="1" />
      <base>
        <path value="Coding.system" />
        <min value="0" />
        <max value="1" />
      </base>
      <type>
        <code value="uri" />
      </type>
      <fixedUri value="http://snomed.info/sct" />
      <isSummary value="true" />
      <mapping>
        <identity value="v2" />
        <map value="C*E.3" />
      </mapping>
      <mapping>
        <identity value="rim" />
        <map value="./codeSystem" />
      </mapping>
      <mapping>
        <identity value="orim" />
        <map value="fhir:Coding.system rdfs:subPropertyOf dt:CDCoding.codeSystem" />
      </mapping>
    </element>
    <element>
      <path value="Practitioner.practitionerRole.role.coding.version" />
      <short value="Version of the system - if relevant" />
      <definition value="The version of the code system which was used when choosing this code. Note that a well-maintained code system does not need the version reported, because the meaning of codes is consistent across versions. However this cannot consistently be assured. and when the meaning is not guaranteed to be consistent, the version SHOULD be exchanged." />
      <comments value="Where the terminology does not clearly define what string should be used to identify code system versions, the recommendation is to use the date (expressed in FHIR date format) on which that version was officially published as the version date." />
      <min value="0" />
      <max value="0" />
      <base>
        <path value="Coding.version" />
        <min value="0" />
        <max value="1" />
      </base>
      <type>
        <code value="string" />
      </type>
      <isSummary value="true" />
      <mapping>
        <identity value="v2" />
        <map value="C*E.7" />
      </mapping>
      <mapping>
        <identity value="rim" />
        <map value="./codeSystemVersion" />
      </mapping>
      <mapping>
        <identity value="orim" />
        <map value="fhir:Coding.version rdfs:subPropertyOf dt:CDCoding.codeSystemVersion" />
      </mapping>
    </element>
    <element>
      <path value="Practitioner.practitionerRole.role.coding.code" />
      <short value="Symbol in syntax defined by the system" />
      <definition value="A symbol in syntax defined by the system. The symbol may be a predefined code or an expression in a syntax defined by the coding system (e.g. post-coordination)." />
      <requirements value="Need to refer to a particular code in the system." />
      <min value="1" />
      <max value="1" />
      <base>
        <path value="Coding.code" />
        <min value="0" />
        <max value="1" />
      </base>
      <type>
        <code value="code" />
      </type>
      <isSummary value="true" />
      <mapping>
        <identity value="v2" />
        <map value="C*E.1" />
      </mapping>
      <mapping>
        <identity value="rim" />
        <map value="./code" />
      </mapping>
      <mapping>
        <identity value="orim" />
        <map value="fhir:Coding.code rdfs:subPropertyOf dt:CDCoding.code" />
      </mapping>
    </element>
    <element>
      <path value="Practitioner.practitionerRole.role.coding.display" />
      <short value="Representation defined by the system" />
      <definition value="A representation of the meaning of the code in the system, following the rules of the system." />
      <requirements value="Need to be able to carry a human-readable meaning of the code for readers that do not know  the system." />
      <min value="1" />
      <max value="1" />
      <base>
        <path value="Coding.display" />
        <min value="0" />
        <max value="1" />
      </base>
      <type>
        <code value="string" />
      </type>
      <isSummary value="true" />
      <mapping>
        <identity value="v2" />
        <map value="C*E.2 - but note this is not well followed" />
      </mapping>
      <mapping>
        <identity value="rim" />
        <map value="CV.displayName" />
      </mapping>
      <mapping>
        <identity value="orim" />
        <map value="fhir:Coding.display rdfs:subPropertyOf dt:CDCoding.displayName" />
      </mapping>
    </element>
    <element>
      <path value="Practitioner.practitionerRole.role.coding.userSelected" />
      <short value="If this coding was chosen directly by the user" />
      <definition value="Indicates that this coding was chosen by a user directly - i.e. off a pick list of available items (codes or displays)." />
      <comments value="Amongst a set of alternatives, a directly chosen code is the most appropriate starting point for new translations. There is some ambiguity about what exactly 'directly chosen' implies, and trading partner agreement may be needed to clarify the use of this element and its consequences more completely." />
      <requirements value="This has been identified as a clinical safety criterium - that this exact system/code pair was chosen explicitly, rather than inferred by the system based on some rules or language processing." />
      <min value="0" />
      <max value="0" />
      <base>
        <path value="Coding.userSelected" />
        <min value="0" />
        <max value="1" />
      </base>
      <type>
        <code value="boolean" />
      </type>
      <isSummary value="true" />
      <mapping>
        <identity value="v2" />
        <map value="Sometimes implied by being first" />
      </mapping>
      <mapping>
        <identity value="rim" />
        <map value="CD.codingRationale" />
      </mapping>
      <mapping>
        <identity value="orim" />
        <map value="fhir:Coding.userSelected fhir:mapsTo dt:CDCoding.codingRationale. fhir:Coding.userSelected fhir:hasMap fhir:Coding.userSelected.map. fhir:Coding.userSelected.map a fhir:Map;   fhir:target dt:CDCoding.codingRationale. fhir:Coding.userSelected\#true a [     fhir:source &quot;true&quot;;     fhir:target dt:CDCoding.codingRationale\#O   ]" />
      </mapping>
    </element>
    <element>
      <path value="Practitioner.practitionerRole.specialty" />
      <short value="Specific specialty of the practitioner" />
      <definition value="Specific specialty of the practitioner." />
      <min value="0" />
      <max value="0" />
      <base>
        <path value="Practitioner.practitionerRole.specialty" />
        <min value="0" />
        <max value="*" />
      </base>
      <type>
        <code value="CodeableConcept" />
      </type>
      <isSummary value="true" />
      <binding>
        <strength value="example" />
        <description value="Specific specialty associated with the agency" />
        <valueSetReference>
          <reference value="http://hl7.org/fhir/ValueSet/practitioner-specialty" />
        </valueSetReference>
      </binding>
      <mapping>
        <identity value="v2" />
        <map value="PRA-5" />
      </mapping>
      <mapping>
        <identity value="rim" />
        <map value="indirectAuthority/QualifiedEntity[code &lt; Speciality]/code" />
      </mapping>
      <mapping>
        <identity value="servd" />
        <map value="./Specialty" />
      </mapping>
    </element>
    <element>
      <path value="Practitioner.practitionerRole.period" />
      <short value="The period during which the practitioner is authorized to perform in these role(s)" />
      <definition value="The period during which the person is authorized to act as a practitioner in these role(s) for the organization." />
      <requirements value="Even after the agencies is revoked, the fact that it existed must still be recorded." />
      <min value="0" />
      <max value="0" />
      <base>
        <path value="Practitioner.practitionerRole.period" />
        <min value="0" />
        <max value="1" />
      </base>
      <type>
        <code value="Period" />
      </type>
      <isSummary value="true" />
      <mapping>
        <identity value="v2" />
        <map value="PRD-8/9 / PRA-5.4" />
      </mapping>
      <mapping>
        <identity value="rim" />
        <map value="./effectiveTime" />
      </mapping>
      <mapping>
        <identity value="servd" />
        <map value="(ServD maps Practitioners and Organizations via another entity, so this concept is not available)" />
      </mapping>
      <mapping>
        <identity value="w5" />
        <map value="when.done" />
      </mapping>
    </element>
    <element>
      <path value="Practitioner.practitionerRole.location" />
      <short value="The location(s) at which this practitioner provides care" />
      <definition value="The location(s) at which this practitioner provides care." />
      <min value="0" />
      <max value="0" />
      <base>
        <path value="Practitioner.practitionerRole.location" />
        <min value="0" />
        <max value="*" />
      </base>
      <type>
        <code value="Reference" />
        <profile value="http://hl7.org/fhir/StructureDefinition/Location" />
      </type>
      <mapping>
        <identity value="rim" />
        <map value="./target[classCode=&quot;indirectAuthority].source[classCode=SDLOC]" />
      </mapping>
      <mapping>
        <identity value="servd" />
        <map value="(ServD maps Practitioners and Organizations via another entity, so this concept is not available)&lt;br/&gt; However these are accessed via the Site.ServiceSite.ServiceSiteProvider record. (The Site has the location)" />
      </mapping>
      <mapping>
        <identity value="w5" />
        <map value="where" />
      </mapping>
    </element>
    <element>
      <path value="Practitioner.practitionerRole.healthcareService" />
      <short value="The list of healthcare services that this worker provides for this role's Organization/Location(s)" />
      <definition value="The list of healthcare services that this worker provides for this role's Organization/Location(s)." />
      <min value="0" />
      <max value="0" />
      <base>
        <path value="Practitioner.practitionerRole.healthcareService" />
        <min value="0" />
        <max value="*" />
      </base>
      <type>
        <code value="Reference" />
        <profile value="http://hl7.org/fhir/StructureDefinition/HealthcareService" />
      </type>
      <mapping>
        <identity value="rim" />
        <map value="./target[classCode=&quot;indirectAuthority].id?" />
      </mapping>
    </element>
    <element>
      <path value="Practitioner.qualification" />
      <short value="Qualifications obtained by training and certification" />
      <definition value="Qualifications obtained by training and certification." />
      <min value="0" />
      <max value="0" />
      <base>
        <path value="Practitioner.qualification" />
        <min value="0" />
        <max value="*" />
      </base>
      <type>
        <code value="BackboneElement" />
      </type>
      <mapping>
        <identity value="v2" />
        <map value="CER?" />
      </mapping>
      <mapping>
        <identity value="rim" />
        <map value="./indirectAuthority/QualifiedEntity[code &lt; qualifiedEntity]" />
      </mapping>
      <mapping>
        <identity value="servd" />
        <map value="./Qualifications" />
      </mapping>
    </element>
    <element>
      <path value="Practitioner.communication" />
      <short value="A language the practitioner is able to use in patient communication" />
      <definition value="A language the practitioner is able to use in patient communication." />
      <comments value="The structure aa-BB with this exact casing is one the most widely used notations for locale. However not all systems actually code this but instead have it as free text. Hence CodeableConcept instead of code as the data type." />
      <requirements value="Knowing which language a practitioner speaks can help in facilitating communication with patients." />
      <min value="0" />
      <max value="0" />
      <base>
        <path value="Practitioner.communication" />
        <min value="0" />
        <max value="*" />
      </base>
      <type>
        <code value="CodeableConcept" />
      </type>
      <binding>
        <strength value="required" />
        <description value="A human language." />
        <valueSetUri value="http://tools.ietf.org/html/bcp47" />
      </binding>
      <mapping>
        <identity value="v2" />
        <map value="PID-15, NK1-20, LAN-2" />
      </mapping>
      <mapping>
        <identity value="rim" />
        <map value="./languageCode" />
      </mapping>
      <mapping>
        <identity value="servd" />
        <map value="./Languages.LanguageSpokenCode" />
      </mapping>
    </element>
  </differential>
</StructureDefinition>