﻿<?xml version="1.0" encoding="utf-8"?>
<StructureDefinition xmlns="http://hl7.org/fhir">
  <meta>
    <lastUpdated value="2016-03-22T14:17:05.14+01:00" />
  </meta>
  <extension url="http://hl7.org/fhir/StructureDefinition/structuredefinition-fmm">
    <valueInteger value="4" />
  </extension>
  <url value="http://sll-mdilab.net/fhir/StructureDefinition/mdi-manual-vital-sign-observation" />
  <name value="MDI ManualVitalSignObservation Profile" />
  <status value="draft" />
  <publisher value="SLL Medical Device Integration Lab" />
  <date value="2016-03-21T00:00:00+01:00" />
  <description value="A manually made observation." />
  <requirements value="Observations are a key aspect of healthcare.  This resource is used to capture those that do not require more sophisticated mechanisms." />
  <fhirVersion value="1.0.1" />
  <mapping>
    <identity value="v2" />
    <uri value="http://hl7.org/v2" />
    <name value="HL7 v2" />
  </mapping>
  <mapping>
    <identity value="rim" />
    <uri value="http://hl7.org/v3" />
    <name value="RIM" />
  </mapping>
  <mapping>
    <identity value="w5" />
    <uri value="http://hl7.org/fhir/w5" />
    <name value="W5 Mapping" />
  </mapping>
  <kind value="resource" />
  <constrainedType value="Observation" />
  <abstract value="false" />
  <base value="http://hl7.org/fhir/StructureDefinition/Observation" />
  <differential>
    <element>
      <path value="Observation" />
      <short value="Measurements and simple assertions" />
      <definition value="Measurements and simple assertions made about a patient, device or other subject." />
      <comments value="Used for simple observations such as device measurements, laboratory atomic results, vital signs, height, weight, smoking status, comments, etc.  Other resources are used to provide context for observations such as lab reports, etc." />
      <alias value="Vital Signs" />
      <alias value="Measurement" />
      <alias value="Results" />
      <alias value="Tests" />
      <min value="0" />
      <max value="*" />
      <base>
        <path value="Observation" />
        <min value="0" />
        <max value="*" />
      </base>
      <type>
        <code value="Observation" />
      </type>
      <mapping>
        <identity value="v2" />
        <map value="OBX" />
      </mapping>
      <mapping>
        <identity value="rim" />
        <map value="Observation[classCode=OBS, moodCode=EVN]" />
      </mapping>
      <mapping>
        <identity value="w5" />
        <map value="clinical.diagnostics" />
      </mapping>
    </element>
    <element>
      <extension url="http://hl7.org/fhir/StructureDefinition/structuredefinition-display-hint">
        <valueString value="default: final" />
      </extension>
      <path value="Observation.status" />
      <short value="registered | preliminary | final | amended +" />
      <definition value="The status of the result value." />
      <requirements value="Need to track the status of individual results. Some results are finalized before the whole report is finalized." />
      <min value="1" />
      <max value="1" />
      <base>
        <path value="Observation.status" />
        <min value="1" />
        <max value="1" />
      </base>
      <type>
        <code value="code" />
      </type>
      <fixedCode value="final" />
      <isModifier value="true" />
      <isSummary value="true" />
      <binding>
        <strength value="required" />
        <description value="Codes providing the status of an observation." />
        <valueSetReference>
          <reference value="http://hl7.org/fhir/ValueSet/observation-status" />
        </valueSetReference>
      </binding>
      <mapping>
        <identity value="v2" />
        <map value="OBX-11" />
      </mapping>
      <mapping>
        <identity value="rim" />
        <map value="status  Amended &amp; Final are differentiated by whether it is the subject of a ControlAct event with a type of &quot;revise&quot;" />
      </mapping>
      <mapping>
        <identity value="w5" />
        <map value="status" />
      </mapping>
    </element>
    <element>
      <path value="Observation.category" />
      <short value="Classification of  type of observation" />
      <definition value="A code that classifies the general type of observation being made.  This is used  for searching, sorting and display purposes." />
      <comments value="The level of granularity is defined by the category concepts in the value set.   More fine-grained filtering can be performed using the metadata and/or terminology hierarchy in Observation.code." />
      <min value="0" />
      <max value="0" />
      <base>
        <path value="Observation.category" />
        <min value="0" />
        <max value="1" />
      </base>
      <type>
        <code value="CodeableConcept" />
      </type>
      <binding>
        <strength value="example" />
        <description value="Codes for high level observation categories ." />
        <valueSetReference>
          <reference value="http://hl7.org/fhir/ValueSet/observation-category" />
        </valueSetReference>
      </binding>
      <mapping>
        <identity value="rim" />
        <map value=".outboundRelationship[typeCode=&quot;COMP].target[classCode=&quot;LIST&quot;, moodCode=&quot;EVN&quot;].code" />
      </mapping>
      <mapping>
        <identity value="w5" />
        <map value="class" />
      </mapping>
    </element>
    <element>
      <path value="Observation.code.coding.system" />
      <short value="Identity of the terminology system" />
      <definition value="The identification of the code system that defines the meaning of the symbol in the code." />
      <comments value="The URI may be an OID (urn:oid:...) or a UUID (urn:uuid:...).  OIDs and UUIDs SHALL be references to the HL7 OID registry. Otherwise, the URI should come from HL7's list of FHIR defined special URIs or it should de-reference to some definition that establish the system clearly and unambiguously." />
      <requirements value="Need to be unambiguous about the source of the definition of the symbol." />
      <min value="0" />
      <max value="1" />
      <base>
        <path value="Coding.system" />
        <min value="0" />
        <max value="1" />
      </base>
      <type>
        <code value="uri" />
      </type>
      <fixedUri value="urn:iso:std:iso:11073:10101" />
      <isSummary value="true" />
      <mapping>
        <identity value="v2" />
        <map value="C*E.3" />
      </mapping>
      <mapping>
        <identity value="rim" />
        <map value="./codeSystem" />
      </mapping>
      <mapping>
        <identity value="orim" />
        <map value="fhir:Coding.system rdfs:subPropertyOf dt:CDCoding.codeSystem" />
      </mapping>
    </element>
    <element>
      <path value="Observation.subject" />
      <short value="Who and/or what this is about" />
      <definition value="The patient, or group of patients, location, or device whose characteristics (direct or indirect) are described by the observation and into whose record the observation is placed.  Comments: Indirect characteristics may be those of a specimen, fetus, donor,  other observer (for example a relative or EMT), or any observation made about the subject." />
      <comments value="One would expect this element to be a cardinality  of 1..1.  The only circumstance in which the subject can be missing is when the observation is made by a device that does not know the patient. In this case, the observation SHALL be matched to a patient through some context/channel matching technique, and at this point, the observation should be updated.  If the target of the observation is different than the subject, the general extension [observation-focal-subject](extension-observation-focal-subject.html).  may be used.  However, the distinction between the patient's own value for an observation versus that of the fetus, or the donor or blood product unit, etc., are often specified in the observation code." />
      <requirements value="Observations have no value if you don't know who or what they're about." />
      <min value="0" />
      <max value="1" />
      <base>
        <path value="Observation.subject" />
        <min value="0" />
        <max value="1" />
      </base>
      <type>
        <code value="Reference" />
        <profile value="http://hl7.org/fhir/StructureDefinition/Patient" />
      </type>
      <isSummary value="true" />
      <mapping>
        <identity value="v2" />
        <map value="PID-3" />
      </mapping>
      <mapping>
        <identity value="rim" />
        <map value="participation[typeCode=SBJ]" />
      </mapping>
      <mapping>
        <identity value="w5" />
        <map value="who.focus" />
      </mapping>
    </element>
    <element>
      <path value="Observation.encounter" />
      <short value="Healthcare event during which this observation is made" />
      <definition value="The healthcare event  (e.g. a patient and healthcare provider interaction) during which this observation is made." />
      <requirements value="For some observations it may be important to know the link between an observation and a particular encounter." />
      <min value="0" />
      <max value="0" />
      <base>
        <path value="Observation.encounter" />
        <min value="0" />
        <max value="1" />
      </base>
      <type>
        <code value="Reference" />
        <profile value="http://hl7.org/fhir/StructureDefinition/Encounter" />
      </type>
      <mapping>
        <identity value="v2" />
        <map value="PV1" />
      </mapping>
      <mapping>
        <identity value="rim" />
        <map value="inboundRelationship[typeCode=COMP].source[classCode=ENC, moodCode=EVN]" />
      </mapping>
      <mapping>
        <identity value="w5" />
        <map value="context" />
      </mapping>
    </element>
    <element>
      <path value="Observation.effective[x]" />
      <short value="Clinically relevant time/time-period for observation" />
      <definition value="The time or time-period the observed value is asserted as being true. For biological subjects - e.g. human patients - this is usually called the &quot;physiologically relevant time&quot;. This is usually either the time of the procedure or of specimen collection, but very often the source of the date/time is not known, only the date/time itself." />
      <comments value="At least a date should be present unless this observation is a historical report." />
      <requirements value="Knowing when an observation was deemed true is important to its relevance as well as determining trends." />
      <min value="1" />
      <max value="1" />
      <base>
        <path value="Observation.effective[x]" />
        <min value="0" />
        <max value="1" />
      </base>
      <type>
        <code value="dateTime" />
      </type>
      <type>
        <code value="Period" />
      </type>
      <isSummary value="true" />
      <mapping>
        <identity value="v2" />
        <map value="OBX-14, and/or OBX-19 after v2.4  (depends on who observation made)" />
      </mapping>
      <mapping>
        <identity value="rim" />
        <map value="effectiveTime" />
      </mapping>
      <mapping>
        <identity value="w5" />
        <map value="when.done" />
      </mapping>
    </element>
    <element>
      <path value="Observation.issued" />
      <short value="Date/Time this was made available" />
      <definition value="The date and time this observation was made available to providers, typically after the results have been reviewed and verified." />
      <comments value="Updated when the result is updated." />
      <min value="0" />
      <max value="0" />
      <base>
        <path value="Observation.issued" />
        <min value="0" />
        <max value="1" />
      </base>
      <type>
        <code value="instant" />
      </type>
      <isSummary value="true" />
      <mapping>
        <identity value="v2" />
        <map value="OBR.22 (or MSH.7), or perhaps OBX-19 (depends on who observation made)" />
      </mapping>
      <mapping>
        <identity value="rim" />
        <map value="participation[typeCode=AUT].time" />
      </mapping>
      <mapping>
        <identity value="w5" />
        <map value="when.recorded" />
      </mapping>
    </element>
    <element>
      <path value="Observation.performer" />
      <short value="Who is responsible for the observation" />
      <definition value="Who was responsible for asserting the observed value as &quot;true&quot;." />
      <requirements value="May give a degree of confidence in the observation and also indicates where follow-up questions should be directed." />
      <min value="0" />
      <max value="0" />
      <base>
        <path value="Observation.performer" />
        <min value="0" />
        <max value="*" />
      </base>
      <type>
        <code value="Reference" />
        <profile value="http://hl7.org/fhir/StructureDefinition/Practitioner" />
      </type>
      <type>
        <code value="Reference" />
        <profile value="http://hl7.org/fhir/StructureDefinition/Organization" />
      </type>
      <type>
        <code value="Reference" />
        <profile value="http://hl7.org/fhir/StructureDefinition/Patient" />
      </type>
      <type>
        <code value="Reference" />
        <profile value="http://hl7.org/fhir/StructureDefinition/RelatedPerson" />
      </type>
      <isSummary value="true" />
      <mapping>
        <identity value="v2" />
        <map value="OBX.15 / (Practitioner)  OBX-16,  PRT-5:PRT-4='RO' /  (Device)  OBX-18 , PRT-10:PRT-4='EQUIP' / (Organization)  OBX-23,  PRT-8:PRT-4='PO'" />
      </mapping>
      <mapping>
        <identity value="rim" />
        <map value="participation[typeCode=PRF]" />
      </mapping>
      <mapping>
        <identity value="w5" />
        <map value="who.actor" />
      </mapping>
    </element>
    <element>
      <path value="Observation.value[x]" />
      <short value="Actual result" />
      <definition value="The information determined as a result of making the observation, if the information has a simple value." />
      <comments value="Normally, an observation will have either a value or a set of related observations. A few observations (e.g. Apgar score) may have both a value and related observations (for an Apgar score, the observations from which the measure is derived). If a value is present, the datatype for this element should be determined by Observation.code. This element has a variable name depending on the type as follows: valueQuantity, valueCodeableConcept, valueString, valueRange, valueRatio, valueSampledData, valueAttachment, valueTime, valueDateTime, or valuePeriod. (The name format is &quot;'value' + the type name&quot; with a capital on the first letter of the type).   If the data element is usually coded or if the type associated with the Observation.value defines a coded value, use CodeableConcept instead of string datatype even if the value is uncoded text.  A value set is bound to the ValueCodeableConcept element.  For boolean values use valueCodeableConcept and select codes from [HL7 Version 2 Table 0136](v2/0136/index.html). These &quot;yes/no&quot; concepts can be mapped to the display name &quot;true/false&quot; or other mutually exclusive terms that may be needed.   For further discussion and examples see the  [notes section](observation.html#4.20.4) below." />
      <requirements value="An observation exists to have a value, though it may not if it is in error, or it represents a group of observations." />
      <min value="0" />
      <max value="1" />
      <base>
        <path value="Observation.value[x]" />
        <min value="0" />
        <max value="1" />
      </base>
      <type>
        <code value="Quantity" />
      </type>
      <type>
        <code value="SampledData" />
      </type>
      <isSummary value="true" />
      <mapping>
        <identity value="v2" />
        <map value="OBX.2, OBX.5, OBX.6" />
      </mapping>
      <mapping>
        <identity value="rim" />
        <map value="value" />
      </mapping>
    </element>
    <element>
      <path value="Observation.dataAbsentReason" />
      <short value="Why the result is missing" />
      <definition value="Provides a reason why the expected value in the element Observation.value[x] is missing." />
      <comments value="Null or exceptional values can be represented two ways in FHIR Observations.  One way is to simply include them in the value set and represent the exceptions in the value.  For example, measurement values for a serology test could be  &quot;detected&quot;, &quot;not detected&quot;, &quot;inconclusive&quot;, or  &quot;specimen unsatisfactory&quot;.   The alternate way is to use the value element for actual observations and use the explicit dataAbsentReason element to record exceptional values.  For example, the dataAbsentReason code &quot;error&quot; could be used when the measurement was not completed.  Because of these options, use-case agreements are required to interpret general observations for exceptional values." />
      <requirements value="For many results it is necessary to handle exceptional values in measurements." />
      <min value="0" />
      <max value="0" />
      <base>
        <path value="Observation.dataAbsentReason" />
        <min value="0" />
        <max value="1" />
      </base>
      <type>
        <code value="CodeableConcept" />
      </type>
      <condition value="obs-6" />
      <binding>
        <strength value="extensible" />
        <description value="Codes specifying why the result (Observation.value[x]) is missing." />
        <valueSetReference>
          <reference value="http://hl7.org/fhir/ValueSet/observation-valueabsentreason" />
        </valueSetReference>
      </binding>
      <mapping>
        <identity value="v2" />
        <map value="N/A" />
      </mapping>
      <mapping>
        <identity value="rim" />
        <map value="value.nullFlavor" />
      </mapping>
    </element>
    <element>
      <path value="Observation.interpretation" />
      <short value="High, low, normal, etc." />
      <definition value="The assessment made based on the result of the observation.  Intended as a simple compact code often placed adjacent to the result value in reports and flow sheets to signal the meaning/normalcy status of the result. Otherwise known as abnormal flag." />
      <requirements value="For some results, particularly numeric results, an interpretation is necessary to fully understand the significance of a result." />
      <alias value="Abnormal Flag" />
      <min value="0" />
      <max value="0" />
      <base>
        <path value="Observation.interpretation" />
        <min value="0" />
        <max value="1" />
      </base>
      <type>
        <code value="CodeableConcept" />
      </type>
      <binding>
        <strength value="extensible" />
        <description value="Codes identifying interpretations of observations." />
        <valueSetReference>
          <reference value="http://hl7.org/fhir/ValueSet/observation-interpretation" />
        </valueSetReference>
      </binding>
      <mapping>
        <identity value="v2" />
        <map value="OBX-8" />
      </mapping>
      <mapping>
        <identity value="rim" />
        <map value="interpretationCode" />
      </mapping>
    </element>
    <element>
      <path value="Observation.comments" />
      <short value="Comments about result" />
      <definition value="May include statements about significant, unexpected or unreliable values, or information about the source of the value where this may be relevant to the interpretation of the result." />
      <requirements value="Need to be able to provide free text additional information." />
      <min value="0" />
      <max value="0" />
      <base>
        <path value="Observation.comments" />
        <min value="0" />
        <max value="1" />
      </base>
      <type>
        <code value="string" />
      </type>
      <mapping>
        <identity value="v2" />
        <map value="NTE.3 (partner NTE to OBX, or sometimes another (child?) OBX)" />
      </mapping>
      <mapping>
        <identity value="rim" />
        <map value="subjectOf.observationEvent[code=&quot;annotation&quot;].value" />
      </mapping>
    </element>
    <element>
      <path value="Observation.bodySite" />
      <short value="Observed body part" />
      <definition value="Indicates the site on the subject's body where the observation was made (i.e. the target site)." />
      <comments value="Only used if not implicit in code found in Observation.code.  If the use case requires BodySite to be handled as a separate resource instead of an inline coded element (e.g. to identify and track separately) then use the standard extension[ body-site-instance](extension-body-site-instance.html)." />
      <requirements value="Knowing where the observation is made is important for tracking if multiple sites are possible." />
      <min value="0" />
      <max value="0" />
      <base>
        <path value="Observation.bodySite" />
        <min value="0" />
        <max value="1" />
      </base>
      <type>
        <code value="CodeableConcept" />
      </type>
      <binding>
        <strength value="example" />
        <description value="Codes describing anatomical locations. May include laterality." />
        <valueSetReference>
          <reference value="http://hl7.org/fhir/ValueSet/body-site" />
        </valueSetReference>
      </binding>
      <mapping>
        <identity value="v2" />
        <map value="OBX-20" />
      </mapping>
      <mapping>
        <identity value="rim" />
        <map value="targetSiteCode" />
      </mapping>
    </element>
    <element>
      <path value="Observation.method" />
      <short value="How it was done" />
      <definition value="Indicates the mechanism used to perform the observation." />
      <comments value="Only used if not implicit in code for Observation.code." />
      <requirements value="In some cases, method can impact results and is thus used for determining whether results can be compared or determining significance of results." />
      <min value="1" />
      <max value="1" />
      <base>
        <path value="Observation.method" />
        <min value="0" />
        <max value="1" />
      </base>
      <type>
        <code value="CodeableConcept" />
      </type>
      <binding>
        <strength value="required" />
        <description value="Methods for simple observations." />
        <valueSetReference>
          <reference value="http://sll-mdilab.net/fhir/ValueSet/observation-methods" />
        </valueSetReference>
      </binding>
      <mapping>
        <identity value="v2" />
        <map value="OBX-17" />
      </mapping>
      <mapping>
        <identity value="rim" />
        <map value="methodCode" />
      </mapping>
    </element>
    <element>
      <path value="Observation.method.coding.system" />
      <short value="Identity of the terminology system" />
      <definition value="The identification of the code system that defines the meaning of the symbol in the code." />
      <comments value="The URI may be an OID (urn:oid:...) or a UUID (urn:uuid:...).  OIDs and UUIDs SHALL be references to the HL7 OID registry. Otherwise, the URI should come from HL7's list of FHIR defined special URIs or it should de-reference to some definition that establish the system clearly and unambiguously." />
      <requirements value="Need to be unambiguous about the source of the definition of the symbol." />
      <min value="0" />
      <max value="1" />
      <base>
        <path value="Coding.system" />
        <min value="0" />
        <max value="1" />
      </base>
      <type>
        <code value="uri" />
      </type>
      <fixedUri value="urn:iso:std:iso:11073:10101" />
      <isSummary value="true" />
      <mapping>
        <identity value="v2" />
        <map value="C*E.3" />
      </mapping>
      <mapping>
        <identity value="rim" />
        <map value="./codeSystem" />
      </mapping>
      <mapping>
        <identity value="orim" />
        <map value="fhir:Coding.system rdfs:subPropertyOf dt:CDCoding.codeSystem" />
      </mapping>
    </element>
    <element>
      <path value="Observation.method.coding.code" />
      <short value="Symbol in syntax defined by the system" />
      <definition value="A symbol in syntax defined by the system. The symbol may be a predefined code or an expression in a syntax defined by the coding system (e.g. post-coordination)." />
      <requirements value="Need to refer to a particular code in the system." />
      <min value="0" />
      <max value="1" />
      <base>
        <path value="Coding.code" />
        <min value="0" />
        <max value="1" />
      </base>
      <type>
        <code value="code" />
      </type>
      <fixedCode value="MMEAS" />
      <isSummary value="true" />
      <mapping>
        <identity value="v2" />
        <map value="C*E.1" />
      </mapping>
      <mapping>
        <identity value="rim" />
        <map value="./code" />
      </mapping>
      <mapping>
        <identity value="orim" />
        <map value="fhir:Coding.code rdfs:subPropertyOf dt:CDCoding.code" />
      </mapping>
    </element>
    <element>
      <path value="Observation.specimen" />
      <short value="Specimen used for this observation" />
      <definition value="The specimen that was used when this observation was made." />
      <comments value="Observations are not made on specimens themselves; they are made on a subject, but usually by the means of a specimen. Note that although specimens are often involved, they are not always tracked and reported explicitly. Also note that observation resources may be used in contexts that track the specimen explicitly (e.g. Diagnostic Report)." />
      <min value="0" />
      <max value="0" />
      <base>
        <path value="Observation.specimen" />
        <min value="0" />
        <max value="1" />
      </base>
      <type>
        <code value="Reference" />
        <profile value="http://hl7.org/fhir/StructureDefinition/Specimen" />
      </type>
      <mapping>
        <identity value="v2" />
        <map value="SPM segment" />
      </mapping>
      <mapping>
        <identity value="rim" />
        <map value="participation[typeCode=SPC].specimen" />
      </mapping>
    </element>
    <element>
      <path value="Observation.device" />
      <short value="(Measurement) Device" />
      <definition value="The device used to generate the observation data." />
      <comments value="An extension should be used if further typing of the device is needed.  Devices used to support obtaining an observation can be represented using either extension or through the Observation.related element." />
      <min value="0" />
      <max value="0" />
      <base>
        <path value="Observation.device" />
        <min value="0" />
        <max value="1" />
      </base>
      <type>
        <code value="Reference" />
        <profile value="http://hl7.org/fhir/StructureDefinition/Device" />
      </type>
      <type>
        <code value="Reference" />
        <profile value="http://hl7.org/fhir/StructureDefinition/DeviceMetric" />
      </type>
      <mapping>
        <identity value="v2" />
        <map value="OBX-17 / PRT -10" />
      </mapping>
      <mapping>
        <identity value="rim" />
        <map value="participation[typeCode=DEV]" />
      </mapping>
    </element>
    <element>
      <path value="Observation.referenceRange" />
      <name value="referenceRange" />
      <short value="Provides guide for interpretation" />
      <definition value="Guidance on how to interpret the value by comparison to a normal or recommended range." />
      <comments value="Most observations only have one generic reference range. Systems MAY choose to restrict to only supplying the relevant reference range based on knowledge about the patient (e.g. specific to the patient's age, gender, weight and other factors), but this may not be possible or appropriate. Whenever more than one reference range is supplied, the differences between them SHOULD be provided in the reference range and/or age properties." />
      <requirements value="Knowing what values are considered &quot;normal&quot; can help evaluate the significance of a particular result. Need to be able to provide multiple reference ranges for different contexts." />
      <min value="0" />
      <max value="0" />
      <base>
        <path value="Observation.referenceRange" />
        <min value="0" />
        <max value="*" />
      </base>
      <type>
        <code value="BackboneElement" />
      </type>
      <mapping>
        <identity value="v2" />
        <map value="OBX.7" />
      </mapping>
      <mapping>
        <identity value="rim" />
        <map value="outboundRelationship[typeCode=REFV]/target[classCode=OBS, moodCode=EVN]" />
      </mapping>
    </element>
    <element>
      <path value="Observation.related" />
      <short value="Resource related to this observation" />
      <definition value="A  reference to another resource (usually another Observation but could  also be a QuestionnaireAnswer) whose relationship is defined by the relationship type code." />
      <comments value="For a discussion on the ways Observations can assembled in groups together see [Notes below](observation.html#4.20.4)." />
      <requirements value="Normally, an observation will have either a value or a set of related observations. A few observations (e.g. Apgar score) may have both a value and a set of related observations or sometimes QuestionnaireResponse  from which the measure is derived." />
      <min value="0" />
      <max value="0" />
      <base>
        <path value="Observation.related" />
        <min value="0" />
        <max value="*" />
      </base>
      <type>
        <code value="BackboneElement" />
      </type>
      <isSummary value="true" />
      <mapping>
        <identity value="v2" />
        <map value="Relationships established by OBX-4 usage" />
      </mapping>
      <mapping>
        <identity value="rim" />
        <map value="outBoundRelationship" />
      </mapping>
    </element>
    <element>
      <path value="Observation.component" />
      <short value="Component results" />
      <definition value="Some observations have multiple component observations.  These component observations are expressed as separate code value pairs that share the same attributes.  Examples include systolic and diastolic component observations for blood pressure measurement and multiple component observations for genetics observations." />
      <comments value="For a discussion on the ways Observations can assembled in groups together see [Notes below](observation.html#4.20.4)." />
      <requirements value="Component observations share the same attributes in the Observation resource as the primary observation and are always treated a part of a single observation (they are not separable).   However, the reference range for the primary observation value is not inherited by the component values and is required when appropriate for each component observation." />
      <min value="0" />
      <max value="0" />
      <base>
        <path value="Observation.component" />
        <min value="0" />
        <max value="*" />
      </base>
      <type>
        <code value="BackboneElement" />
      </type>
      <isSummary value="true" />
      <mapping>
        <identity value="v2" />
        <map value="containment by OBX-4?" />
      </mapping>
      <mapping>
        <identity value="rim" />
        <map value="outBoundRelationship[typeCode=COMP]" />
      </mapping>
    </element>
  </differential>
</StructureDefinition>