﻿<?xml version="1.0" encoding="utf-8"?>
<StructureDefinition xmlns="http://hl7.org/fhir">
  <id value="mdi-sbar-referral-request" />
  <meta>
    <lastUpdated value="2016-03-30T13:52:43.753+02:00" />
  </meta>
  <extension url="http://hl7.org/fhir/StructureDefinition/structuredefinition-fmm">
    <valueInteger value="0" />
  </extension>
  <url value="http://sll-mdilab.net/fhir/StructureDefinition/mdi-sbar-referral-request" />
  <name value="MDI SBAR ReferralRequest" />
  <status value="draft" />
  <publisher value="SLL Medical Device Integration Lab" />
  <date value="2016-03-30T00:00:00+02:00" />
  <fhirVersion value="1.0.1" />
  <mapping>
    <identity value="w5" />
    <uri value="http://hl7.org/fhir/w5" />
    <name value="W5 Mapping" />
  </mapping>
  <mapping>
    <identity value="v2" />
    <uri value="http://hl7.org/v2" />
    <name value="HL7 v2" />
  </mapping>
  <mapping>
    <identity value="rim" />
    <uri value="http://hl7.org/v3" />
    <name value="RIM" />
  </mapping>
  <kind value="resource" />
  <constrainedType value="ReferralRequest" />
  <abstract value="false" />
  <base value="http://hl7.org/fhir/StructureDefinition/ReferralRequest" />
  <differential>
    <element>
      <path value="ReferralRequest" />
      <short value="A request for referral or transfer of care" />
      <definition value="Used to record and send details about a request for referral service or transfer of a patient to the care of another provider or provider organization." />
      <alias value="ReferralRequest TransferOfCare Request" />
      <min value="0" />
      <max value="*" />
      <base>
        <path value="ReferralRequest" />
        <min value="0" />
        <max value="*" />
      </base>
      <type>
        <code value="ReferralRequest" />
      </type>
      <mapping>
        <identity value="w5" />
        <map value="clinical.careprovision" />
      </mapping>
    </element>
    <element>
      <path value="ReferralRequest.identifier" />
      <short value="Business identifier" />
      <definition value="Business identifier that uniquely identifies the referral/care transfer request instance." />
      <min value="1" />
      <max value="1" />
      <base>
        <path value="ReferralRequest.identifier" />
        <min value="0" />
        <max value="*" />
      </base>
      <type>
        <code value="Identifier" />
      </type>
      <isModifier value="false" />
      <mapping>
        <identity value="v2" />
        <map value="RF1-6 / RF1-11" />
      </mapping>
      <mapping>
        <identity value="w5" />
        <map value="id" />
      </mapping>
    </element>
    <element>
      <path value="ReferralRequest.identifier.value" />
      <short value="The value that is unique" />
      <definition value="The portion of the identifier typically displayed to the user and which is unique within the context of the system." />
      <comments value="If the value is a full URI, then the system SHALL be urn:ietf:rfc:3986." />
      <min value="1" />
      <max value="1" />
      <base>
        <path value="Identifier.value" />
        <min value="0" />
        <max value="1" />
      </base>
      <type>
        <code value="string" />
      </type>
      <exampleString value="123456" />
      <isSummary value="true" />
      <mapping>
        <identity value="v2" />
        <map value="CX.1 / EI.1" />
      </mapping>
      <mapping>
        <identity value="rim" />
        <map value="II.extension or II.root if system indicates OID or GUID (Or Role.id.extension or root)" />
      </mapping>
      <mapping>
        <identity value="servd" />
        <map value="./Value" />
      </mapping>
    </element>
    <element>
      <path value="ReferralRequest.date" />
      <short value="Date of creation/activation" />
      <definition value="Date/DateTime of creation for draft requests and date of activation for active requests." />
      <min value="0" />
      <max value="0" />
      <base>
        <path value="ReferralRequest.date" />
        <min value="0" />
        <max value="1" />
      </base>
      <type>
        <code value="dateTime" />
      </type>
      <isModifier value="false" />
      <isSummary value="true" />
      <mapping>
        <identity value="v2" />
        <map value="RF1-7 / RF1-9?" />
      </mapping>
      <mapping>
        <identity value="w5" />
        <map value="when.init" />
      </mapping>
    </element>
    <element>
      <path value="ReferralRequest.type" />
      <short value="Referral/Transition of care request type" />
      <definition value="An indication of the type of referral (or where applicable the type of transfer of care) request." />
      <comments value="Examples of referral type: - consultation;         second opinion;          third opinion - Assume management - Request for procedure(s)  HL7 v2.8 Example - Table 0336: S = second opinion p = patient preference o = provider ordered w = work load." />
      <min value="0" />
      <max value="0" />
      <base>
        <path value="ReferralRequest.type" />
        <min value="0" />
        <max value="1" />
      </base>
      <type>
        <code value="CodeableConcept" />
      </type>
      <isModifier value="false" />
      <isSummary value="true" />
      <binding>
        <strength value="example" />
        <description value="Codes for types of referral; e.g. consult, transfer, temporary transfer." />
      </binding>
      <mapping>
        <identity value="v2" />
        <map value="RF1-10" />
      </mapping>
      <mapping>
        <identity value="w5" />
        <map value="class" />
      </mapping>
    </element>
    <element>
      <path value="ReferralRequest.specialty" />
      <short value="The clinical specialty (discipline) that the referral is requested for" />
      <definition value="Indication of the clinical domain or discipline to which the referral or transfer of care request is sent.  For example: Cardiology Gastroenterology Diabetology." />
      <min value="0" />
      <max value="0" />
      <base>
        <path value="ReferralRequest.specialty" />
        <min value="0" />
        <max value="1" />
      </base>
      <type>
        <code value="CodeableConcept" />
      </type>
      <isModifier value="false" />
      <binding>
        <strength value="example" />
        <description value="Codes indicating the types of capability the referred to service provider must have." />
        <valueSetReference>
          <reference value="http://hl7.org/fhir/ValueSet/practitioner-specialty" />
        </valueSetReference>
      </binding>
      <mapping>
        <identity value="v2" />
        <map value="RF1-3" />
      </mapping>
    </element>
    <element>
      <path value="ReferralRequest.priority" />
      <short value="Urgency of referral / transfer of care request" />
      <definition value="An indication of the urgency of referral (or where applicable the type of transfer of care) request." />
      <min value="0" />
      <max value="0" />
      <base>
        <path value="ReferralRequest.priority" />
        <min value="0" />
        <max value="1" />
      </base>
      <type>
        <code value="CodeableConcept" />
      </type>
      <isModifier value="false" />
      <isSummary value="true" />
      <binding>
        <strength value="example" />
        <description value="Codes indicating the relative priority of the referral." />
        <valueSetReference>
          <reference value="http://hl7.org/fhir/ValueSet/diagnostic-order-priority" />
        </valueSetReference>
      </binding>
      <mapping>
        <identity value="v2" />
        <map value="RF1-2" />
      </mapping>
      <mapping>
        <identity value="w5" />
        <map value="grade" />
      </mapping>
    </element>
    <element>
      <path value="ReferralRequest.patient" />
      <short value="Patient referred to care or transfer" />
      <definition value="The patient who is the subject of a referral or transfer of care request." />
      <comments value="Referral of family, group or community is to be catered for by profiles." />
      <min value="1" />
      <max value="1" />
      <base>
        <path value="ReferralRequest.patient" />
        <min value="0" />
        <max value="1" />
      </base>
      <type>
        <code value="Reference" />
        <profile value="http://hl7.org/fhir/StructureDefinition/Patient" />
      </type>
      <isModifier value="false" />
      <isSummary value="true" />
      <mapping>
        <identity value="v2" />
        <map value="PID-3" />
      </mapping>
      <mapping>
        <identity value="w5" />
        <map value="who.focus" />
      </mapping>
    </element>
    <element>
      <path value="ReferralRequest.patient.reference" />
      <short value="Relative, internal or absolute URL reference" />
      <definition value="A reference to a location at which the other resource is found. The reference may be a relative reference, in which case it is relative to the service base URL, or an absolute URL that resolves to the location where the resource is found. The reference may be version specific or not. If the reference is not to a FHIR RESTful server, then it should be assumed to be version specific. Internal fragment references (start with '#') refer to contained resources." />
      <comments value="Using absolute URLs provides a stable scalable approach suitable for a cloud/web context, while using relative/logical references provides a flexible approach suitable for use when trading across closed eco-system boundaries.   Absolute URLs do not need to point to a FHIR RESTful server, though this is the preferred approach. If the URL conforms to the structure &quot;/[type]/[id]&quot; then it should be assumed that the reference is to a FHIR RESTful server." />
      <min value="1" />
      <max value="1" />
      <base>
        <path value="Reference.reference" />
        <min value="0" />
        <max value="1" />
      </base>
      <type>
        <code value="string" />
      </type>
      <condition value="ref-1" />
      <isSummary value="true" />
      <mapping>
        <identity value="rim" />
        <map value="N/A" />
      </mapping>
    </element>
    <element>
      <path value="ReferralRequest.requester" />
      <short value="Requester of referral / transfer of care" />
      <definition value="The healthcare provider or provider organization who/which initiated the referral/transfer of care request. Can also be  Patient (a self referral)." />
      <min value="1" />
      <max value="1" />
      <base>
        <path value="ReferralRequest.requester" />
        <min value="0" />
        <max value="1" />
      </base>
      <type>
        <code value="Reference" />
        <profile value="http://hl7.org/fhir/StructureDefinition/Practitioner" />
      </type>
      <isModifier value="false" />
      <isSummary value="true" />
      <mapping>
        <identity value="v2" />
        <map value="Practitioner: PRD-2/PRD-7 where PRD-3 = RP; Organization: PRD-10 where PRD-3 = RP" />
      </mapping>
      <mapping>
        <identity value="w5" />
        <map value="who.author" />
      </mapping>
    </element>
    <element>
      <path value="ReferralRequest.recipient" />
      <short value="Receiver of referral / transfer of care request" />
      <definition value="The healthcare provider(s) or provider organization(s) who/which is to receive the referral/transfer of care request." />
      <comments value="There will be a primary receiver. But the request can be received by any number of &quot;copied to&quot; providers or organizations." />
      <min value="1" />
      <max value="1" />
      <base>
        <path value="ReferralRequest.recipient" />
        <min value="0" />
        <max value="*" />
      </base>
      <type>
        <code value="Reference" />
        <profile value="http://hl7.org/fhir/StructureDefinition/Practitioner" />
      </type>
      <isModifier value="false" />
      <isSummary value="true" />
      <mapping>
        <identity value="v2" />
        <map value="Practitioner: PRD-2/PRD-7 where PRD-3 = RT; Organization: PRD-10 where PRD-3 = RT" />
      </mapping>
      <mapping>
        <identity value="w5" />
        <map value="who.actor" />
      </mapping>
    </element>
    <element>
      <path value="ReferralRequest.encounter" />
      <short value="Originating encounter" />
      <definition value="The encounter at which the request for referral or transfer of care is initiated." />
      <min value="1" />
      <max value="1" />
      <base>
        <path value="ReferralRequest.encounter" />
        <min value="0" />
        <max value="1" />
      </base>
      <type>
        <code value="Reference" />
        <profile value="http://hl7.org/fhir/StructureDefinition/Encounter" />
      </type>
      <isModifier value="false" />
      <mapping>
        <identity value="v2" />
        <map value="PV1-19" />
      </mapping>
      <mapping>
        <identity value="w5" />
        <map value="context" />
      </mapping>
    </element>
    <element>
      <path value="ReferralRequest.encounter.reference" />
      <short value="Relative, internal or absolute URL reference" />
      <definition value="A reference to a location at which the other resource is found. The reference may be a relative reference, in which case it is relative to the service base URL, or an absolute URL that resolves to the location where the resource is found. The reference may be version specific or not. If the reference is not to a FHIR RESTful server, then it should be assumed to be version specific. Internal fragment references (start with '#') refer to contained resources." />
      <comments value="Using absolute URLs provides a stable scalable approach suitable for a cloud/web context, while using relative/logical references provides a flexible approach suitable for use when trading across closed eco-system boundaries.   Absolute URLs do not need to point to a FHIR RESTful server, though this is the preferred approach. If the URL conforms to the structure &quot;/[type]/[id]&quot; then it should be assumed that the reference is to a FHIR RESTful server." />
      <min value="1" />
      <max value="1" />
      <base>
        <path value="Reference.reference" />
        <min value="0" />
        <max value="1" />
      </base>
      <type>
        <code value="string" />
      </type>
      <condition value="ref-1" />
      <isSummary value="true" />
      <mapping>
        <identity value="rim" />
        <map value="N/A" />
      </mapping>
    </element>
    <element>
      <path value="ReferralRequest.dateSent" />
      <short value="Date referral/transfer of care request is sent" />
      <definition value="Date/DateTime the request for referral or transfer of care is sent by the author." />
      <min value="0" />
      <max value="0" />
      <base>
        <path value="ReferralRequest.dateSent" />
        <min value="0" />
        <max value="1" />
      </base>
      <type>
        <code value="dateTime" />
      </type>
      <isModifier value="false" />
      <isSummary value="true" />
      <mapping>
        <identity value="v2" />
        <map value="RF1-7 / RF1-9?" />
      </mapping>
      <mapping>
        <identity value="w5" />
        <map value="when.init" />
      </mapping>
    </element>
    <element>
      <path value="ReferralRequest.reason" />
      <short value="Reason for referral / transfer of care request" />
      <definition value="Description of clinical condition indicating why referral/transfer of care is requested.  For example:  Pathological Anomalies, Disabled (physical or mental),  Behavioral Management." />
      <min value="0" />
      <max value="0" />
      <base>
        <path value="ReferralRequest.reason" />
        <min value="0" />
        <max value="1" />
      </base>
      <type>
        <code value="CodeableConcept" />
      </type>
      <isModifier value="false" />
      <isSummary value="true" />
      <binding>
        <strength value="example" />
        <description value="Codes indicating why the referral is being requested." />
      </binding>
      <mapping>
        <identity value="v2" />
        <map value="RF1-10" />
      </mapping>
      <mapping>
        <identity value="w5" />
        <map value="why" />
      </mapping>
    </element>
    <element>
      <path value="ReferralRequest.description" />
      <short value="A textual description of the referral" />
      <definition value="The reason element gives a short description of why the referral is being made, the description expands on this to support a more complete clinical summary." />
      <min value="1" />
      <max value="1" />
      <base>
        <path value="ReferralRequest.description" />
        <min value="0" />
        <max value="1" />
      </base>
      <type>
        <code value="string" />
      </type>
      <isModifier value="false" />
    </element>
    <element>
      <path value="ReferralRequest.serviceRequested" />
      <short value="Actions requested as part of the referral" />
      <definition value="The service(s) that is/are requested to be provided to the patient.  For example: cardiac pacemaker insertion." />
      <min value="0" />
      <max value="0" />
      <base>
        <path value="ReferralRequest.serviceRequested" />
        <min value="0" />
        <max value="*" />
      </base>
      <type>
        <code value="CodeableConcept" />
      </type>
      <isModifier value="false" />
      <isSummary value="true" />
      <binding>
        <strength value="example" />
        <description value="Codes indicating the types of services that might be requested as part of a referral." />
        <valueSetReference>
          <reference value="http://hl7.org/fhir/ValueSet/c80-practice-codes" />
        </valueSetReference>
      </binding>
      <mapping>
        <identity value="v2" />
        <map value="PR1-3 / OBR-4" />
      </mapping>
      <mapping>
        <identity value="w5" />
        <map value="what" />
      </mapping>
    </element>
    <element>
      <path value="ReferralRequest.supportingInformation" />
      <short value="Additonal information to support referral or transfer of care request" />
      <definition value="Any additional (administrative, financial or clinical) information required to support request for referral or transfer of care.  For example: Presenting problems/chief complaints Medical History Family History Alerts Allergy/Intolerance and Adverse Reactions Medications Observations/Assessments (may include cognitive and fundtional assessments) Diagnostic Reports Care Plan." />
      <min value="0" />
      <max value="0" />
      <base>
        <path value="ReferralRequest.supportingInformation" />
        <min value="0" />
        <max value="*" />
      </base>
      <type>
        <code value="Reference" />
        <profile value="http://hl7.org/fhir/StructureDefinition/Resource" />
      </type>
      <isModifier value="false" />
      <isSummary value="true" />
    </element>
    <element>
      <path value="ReferralRequest.fulfillmentTime" />
      <short value="Requested service(s) fulfillment time" />
      <definition value="The period of time within which the services identified in the referral/transfer of care is specified or required to occur." />
      <requirements value="Use cases: (1) to indicate that the requested service is not to happen before a specified date, and saving the start date in Period.start; (2) to indicate that the requested service must happen before a specified date, and saving the end date in Period.end; (3) to indicate that the requested service must happen during the specified dates (&quot;start&quot; and &quot;end&quot; values)." />
      <alias value="EffectiveTime" />
      <min value="0" />
      <max value="0" />
      <base>
        <path value="ReferralRequest.fulfillmentTime" />
        <min value="0" />
        <max value="1" />
      </base>
      <type>
        <code value="Period" />
      </type>
      <isModifier value="false" />
      <isSummary value="true" />
      <mapping>
        <identity value="v2" />
        <map value="OBR-7/OBR-8" />
      </mapping>
      <mapping>
        <identity value="w5" />
        <map value="when.planned" />
      </mapping>
    </element>
  </differential>
</StructureDefinition>