﻿<?xml version="1.0" encoding="utf-8"?>
<StructureDefinition xmlns="http://hl7.org/fhir">
  <id value="mdi-order-alarmlimits" />
  <meta>
    <lastUpdated value="2016-03-30T13:03:11.566+02:00" />
  </meta>
  <url value="http://sll-mdilab.net/fhir/Order#alarmlimits" />
  <name value="MDI AlarmLimits Extension" />
  <status value="draft" />
  <publisher value="SLL Medical Device Integration Lab" />
  <date value="2016-03-29T00:00:00+02:00" />
  <fhirVersion value="1.0.1" />
  <kind value="datatype" />
  <constrainedType value="Extension" />
  <abstract value="false" />
  <contextType value="resource" />
  <context value="Order" />
  <base value="http://hl7.org/fhir/StructureDefinition/Extension" />
  <differential>
    <element>
      <path value="Extension" />
      <definition value="Optional Extensions Element - found in all resources." />
      <min value="0" />
      <max value="*" />
      <base>
        <path value="Extension" />
        <min value="0" />
        <max value="*" />
      </base>
      <type>
        <code value="Element" />
      </type>
      <mapping>
        <identity value="rim" />
        <map value="N/A" />
      </mapping>
    </element>
    <element>
      <path value="Extension.url" />
      <representation value="xmlAttr" />
      <short value="identifies the meaning of the extension" />
      <definition value="Source of the definition for the extension code - a logical name or a URL." />
      <comments value="The definition may point directly to a computable or human-readable definition of the extensibility codes, or it may be a logical URI as declared in some other specification. The definition should be version specific.  This will ideally be the URI for the Resource Profile defining the extension, with the code for the extension after a #." />
      <min value="1" />
      <max value="1" />
      <base>
        <path value="Extension.url" />
        <min value="1" />
        <max value="1" />
      </base>
      <type>
        <code value="uri" />
      </type>
      <fixedUri value="http://sll-mdilab.net/fhir/Order#alarmlimits" />
      <mapping>
        <identity value="rim" />
        <map value="N/A" />
      </mapping>
    </element>
  </differential>
</StructureDefinition>